[14:41:18] [main/INFO] (FabricLoader/GameProvider) Loading Minecraft 26.2 with Fabric Loader 0.19.3
[14:41:18] [main/INFO] (FabricLoader/Mappings) Mappings not present!
[14:41:18] [main/INFO] (FabricLoader) Loading 51 mods:
	- client_mob_controller 1.0-SNAPSHOT
	- fabric-api 0.158.0+26.2
	- fabric-api-base 2.0.4+ece063239e
	- fabric-api-lookup-api-v1 2.0.17+11e1c9a39e
	- fabric-biome-api-v1 18.0.6+c7bd5b8e9e
	- fabric-block-api-v1 3.0.3+ec56b6019e
	- fabric-block-getter-api-v2 2.0.7+ec56b6019e
	- fabric-client-gametest-api-v1 6.0.0+515ac5339e
	- fabric-command-api-v2 3.1.0+00cb03469e
	- fabric-content-registries-v0 11.3.1+37b1aa249e
	- fabric-convention-tags-v2 4.7.0+1f023a9e9e
	- fabric-crash-report-info-v1 1.0.5+086d547a9e
	- fabric-creative-tab-api-v1 5.0.14+d871b99e9e
	- fabric-data-attachment-api-v1 2.2.18+515ac5339e
	- fabric-data-generation-api-v1 25.5.0+aed122aa9e
	- fabric-debug-api-v1 1.0.2+c792624d9e
	- fabric-dimensions-v1 5.1.11+515ac5339e
	- fabric-entity-events-v1 5.0.5+06488ac19e
	- fabric-events-interaction-v0 5.2.7+515ac5339e
	- fabric-game-rule-api-v1 4.0.8+46a6d00c9e
	- fabric-gametest-api-v1 4.0.21+4a7fa0819e
	- fabric-item-api-v1 14.5.0+c68f6cbe9e
	- fabric-key-mapping-api-v1 2.0.5+e2bdee789e
	- fabric-lifecycle-events-v1 4.1.3+4575b05f9e
	- fabric-loot-api-v3 3.0.17+06488ac19e
	- fabric-menu-api-v1 2.0.16+086d547a9e
	- fabric-message-api-v1 7.0.8+bb2ed3f79e
	- fabric-model-loading-api-v1 8.0.16+c80601bb9e
	- fabric-networking-api-v1 6.3.3+72073ef09e
	- fabric-object-builder-api-v1 24.1.0+6fcd5f039e
	- fabric-particles-v1 5.0.18+d1756aa99e
	- fabric-permission-api-v1 1.0.5+e442d8d09e
	- fabric-recipe-api-v1 9.0.20+11e1c9a39e
	- fabric-registry-sync-v0 7.1.0+c7bd5b8e9e
	- fabric-renderer-api-v1 14.1.3+2b0d8a229e
	- fabric-renderer-indigo 9.1.3+2b0d8a229e
	- fabric-rendering-fluids-v1 6.0.4+06488ac19e
	- fabric-rendering-v1 25.3.2+515ac5339e
	- fabric-resource-conditions-api-v1 6.1.0+10e9a28b9e
	- fabric-resource-loader-v0 3.3.20+4fc5413f9e
	- fabric-resource-loader-v1 2.0.13+9edec1269e
	- fabric-screen-api-v1 5.2.0+58e078ad9e
	- fabric-serialization-api-v1 2.0.4+11a26f319e
	- fabric-sound-api-v1 2.0.5+11a26f319e
	- fabric-tag-api-v1 2.1.4+515ac5339e
	- fabric-transfer-api-v1 8.0.12+11dbb7d79e
	- fabric-transitive-access-wideners-v1 8.1.4+67c847259e
	- fabricloader 0.19.3
	- java 25
	- minecraft 26.2
	- mixinextras 0.5.4
[14:41:18] [main/INFO] (FabricLoader/Mixin) SpongePowered MIXIN Subsystem Version=0.8.7 Source=file:/C:/Users/mx/.gradle/caches/modules-2/files-2.1/net.fabricmc/sponge-mixin/0.17.3+mixin.0.8.7/41c4a3984a80f4679e759fb9f495587acc5cdac7/sponge-mixin-0.17.3+mixin.0.8.7.jar Service=Knot/Fabric Env=CLIENT
[14:41:19] [main/INFO] (FabricLoader/Mixin) Compatibility level set to JAVA_25
[14:41:21] [main/INFO] (FabricLoader/MixinExtras|Service) Initializing MixinExtras via com.llamalad7.mixinextras.service.MixinExtrasServiceImpl(version=0.5.4).
[14:41:22] [Datafixer Bootstrap #0/INFO] (Minecraft) 295 Datafixer optimizations took 796 milliseconds
[14:41:31] [Render thread/INFO] (Minecraft) Environment: Environment[sessionHost=https://sessionserver.mojang.com, servicesHost=https://api.minecraftservices.com, profilesHost=https://api.mojang.com, name=PROD]
[14:41:31] [Render thread/INFO] (Minecraft) Setting user: Player548
[14:41:32] [Download-2/ERROR] (Minecraft) Failed to fetch user properties
com.mojang.authlib.exceptions.InvalidCredentialsException: Status: 401
	at knot//com.mojang.authlib.exceptions.MinecraftClientHttpException.toAuthenticationException(MinecraftClientHttpException.java:70)
	at knot//com.mojang.authlib.yggdrasil.YggdrasilUserApiService.fetchProperties(YggdrasilUserApiService.java:173)
	at knot//net.minecraft.client.Minecraft.lambda$new$1(Minecraft.java:438)
	at java.base/java.util.concurrent.CompletableFuture$AsyncSupply.run(CompletableFuture.java:1789)
	at java.base/java.util.concurrent.ThreadPoolExecutor.runWorker(ThreadPoolExecutor.java:1090)
	at java.base/java.util.concurrent.ThreadPoolExecutor$Worker.run(ThreadPoolExecutor.java:614)
	at java.base/java.lang.Thread.run(Thread.java:1474)
Caused by: MinecraftClientHttpException[type=HTTP_ERROR, status=401, response=ErrorResponse[path=/player/attributes, error=null, errorMessage=null, details=null]]
	at knot//com.mojang.authlib.minecraft.client.MinecraftClient.buildHttpException(MinecraftClient.java:170)
	at knot//com.mojang.authlib.minecraft.client.MinecraftClient.readServiceResponse(MinecraftClient.java:147)
	at knot//com.mojang.authlib.minecraft.client.MinecraftClient.getWithEtag(MinecraftClient.java:81)
	at knot//com.mojang.authlib.minecraft.client.MinecraftClient.get(MinecraftClient.java:65)
	at knot//com.mojang.authlib.yggdrasil.YggdrasilUserApiService.fetchProperties(YggdrasilUserApiService.java:123)
	... 5 more
[14:41:32] [Render thread/INFO] (Indigo) [Indigo] Registering Indigo renderer!
[14:41:32] [Render thread/INFO] (Minecraft) Backend library: LWJGL version 3.4.1-snapshot
[14:41:33] [Render thread/INFO] (Minecraft) Using graphics backend OpenGL, using drivers: 3.3.0 NVIDIA 610.74
[14:41:33] [Render thread/INFO] (Minecraft) Using graphics device: NVIDIA GeForce GTX 1660 Ti/PCIe/SSE2 (NVIDIA Corporation)
[14:41:33] [Render thread/INFO] (Minecraft) Using graphics device extensions: GL_ARB_multi_draw_indirect, GL_ARB_buffer_storage, GL_ARB_shader_draw_parameters, GL_ARB_base_instance, GL_KHR_debug, GL_ARB_draw_indirect, GL_ARB_clip_control, GL_ARB_vertex_attrib_binding, GL_ARB_direct_state_access, GL_EXT_texture_filter_anisotropic
[14:41:34] [Render thread/INFO] (Minecraft) Reloading ResourceManager: vanilla, fabric-api, fabric-api-base, fabric-api-lookup-api-v1, fabric-biome-api-v1, fabric-block-api-v1, fabric-block-getter-api-v2, fabric-client-gametest-api-v1, fabric-command-api-v2, fabric-content-registries-v0, fabric-convention-tags-v2, fabric-crash-report-info-v1, fabric-creative-tab-api-v1, fabric-data-attachment-api-v1, fabric-data-generation-api-v1, fabric-debug-api-v1, fabric-dimensions-v1, fabric-entity-events-v1, fabric-events-interaction-v0, fabric-game-rule-api-v1, fabric-gametest-api-v1, fabric-item-api-v1, fabric-key-mapping-api-v1, fabric-lifecycle-events-v1, fabric-loot-api-v3, fabric-menu-api-v1, fabric-message-api-v1, fabric-model-loading-api-v1, fabric-networking-api-v1, fabric-object-builder-api-v1, fabric-particles-v1, fabric-permission-api-v1, fabric-recipe-api-v1, fabric-registry-sync-v0, fabric-renderer-api-v1, fabric-renderer-indigo, fabric-rendering-fluids-v1, fabric-rendering-v1, fabric-resource-conditions-api-v1, fabric-resource-loader-v0, fabric-resource-loader-v1, fabric-screen-api-v1, fabric-serialization-api-v1, fabric-sound-api-v1, fabric-tag-api-v1, fabric-transfer-api-v1, fabric-transitive-access-wideners-v1, fabricloader
[14:41:34] [Worker-Main-1/INFO] (Minecraft) Found unifont_all_no_pua-17.0.01.hex, loading
[14:41:34] [Worker-Main-3/INFO] (Minecraft) Found unifont_pua-17.0.01.hex, loading
[14:41:34] [Worker-Main-1/INFO] (Minecraft) Found unifont_jp_patch-17.0.01.hex, loading
[14:41:35] [Download-2/INFO] (Minecraft) Could not authorize you against Realms server: java.lang.RuntimeException: Failed to parse into SignedJWT: FabricMC
[14:41:35] [Download-2/ERROR] (Minecraft) Failed to fetch Realms feature flags
com.mojang.realmsclient.exception.RealmsServiceException: Realms authentication error with message 'java.lang.RuntimeException: Failed to parse into SignedJWT: FabricMC'
	at knot//com.mojang.realmsclient.client.RealmsClient.execute(RealmsClient.java:528)
	at knot//com.mojang.realmsclient.client.RealmsClient.fetchFeatureFlags(RealmsClient.java:187)
	at java.base/java.util.concurrent.CompletableFuture$AsyncSupply.run(CompletableFuture.java:1789)
	at java.base/java.util.concurrent.ThreadPoolExecutor.runWorker(ThreadPoolExecutor.java:1090)
	at java.base/java.util.concurrent.ThreadPoolExecutor$Worker.run(ThreadPoolExecutor.java:614)
	at java.base/java.lang.Thread.run(Thread.java:1474)
[14:41:36] [Render thread/INFO] (Minecraft) OpenAL initialized on device OpenAL Soft on Наушники (JBL Tune 720BT Stereo)
[14:41:36] [Render thread/INFO] (Minecraft) Sound engine started
[14:41:36] [Render thread/INFO] (Minecraft) Created: 512x256x0 minecraft:textures/atlas/particles.png-atlas
[14:41:36] [Render thread/INFO] (Minecraft) Created: 128x128x0 minecraft:textures/atlas/decorated_pot.png-atlas
[14:41:36] [Render thread/INFO] (Minecraft) Created: 2048x1024x0 minecraft:textures/atlas/armor_trims.png-atlas
[14:41:36] [Render thread/INFO] (Minecraft) Created: 512x256x0 minecraft:textures/atlas/paintings.png-atlas
[14:41:36] [Render thread/INFO] (Minecraft) Created: 1024x512x0 minecraft:textures/atlas/shield_patterns.png-atlas
[14:41:36] [Render thread/INFO] (Minecraft) Created: 2048x2048x4 minecraft:textures/atlas/blocks.png-atlas
[14:41:36] [Render thread/INFO] (Minecraft) Created: 512x512x0 minecraft:textures/atlas/chest.png-atlas
[14:41:36] [Render thread/INFO] (Minecraft) Created: 256x128x0 minecraft:textures/atlas/celestials.png-atlas
[14:41:36] [Render thread/INFO] (Minecraft) Created: 1024x512x0 minecraft:textures/atlas/banner_patterns.png-atlas
[14:41:36] [Render thread/INFO] (Minecraft) Created: 1024x512x0 minecraft:textures/atlas/items.png-atlas
[14:41:36] [Render thread/INFO] (Minecraft) Created: 1024x1024x0 minecraft:textures/atlas/gui.png-atlas
[14:41:36] [Render thread/INFO] (Minecraft) Created: 128x64x0 minecraft:textures/atlas/map_decorations.png-atlas
[14:41:36] [Render thread/INFO] (Minecraft) Created: 512x512x0 minecraft:textures/atlas/shulker_boxes.png-atlas
[14:41:37] [Download-2/INFO] (Minecraft) Could not authorize you against Realms server: java.lang.RuntimeException: Failed to parse into SignedJWT: FabricMC
[14:41:37] [Download-2/ERROR] (Minecraft) Couldn't connect to realms
com.mojang.realmsclient.exception.RealmsServiceException: Realms authentication error with message 'java.lang.RuntimeException: Failed to parse into SignedJWT: FabricMC'
	at knot//com.mojang.realmsclient.client.RealmsClient.execute(RealmsClient.java:528)
	at knot//com.mojang.realmsclient.client.RealmsClient.clientCompatible(RealmsClient.java:308)
	at knot//com.mojang.realmsclient.RealmsAvailability.lambda$check$0(RealmsAvailability.java:48)
	at java.base/java.util.concurrent.CompletableFuture$AsyncSupply.run(CompletableFuture.java:1789)
	at java.base/java.util.concurrent.ThreadPoolExecutor.runWorker(ThreadPoolExecutor.java:1090)
	at java.base/java.util.concurrent.ThreadPoolExecutor$Worker.run(ThreadPoolExecutor.java:614)
	at java.base/java.lang.Thread.run(Thread.java:1474)
[14:42:23] [Render thread/INFO] (Minecraft) Loaded 1585 recipes
[14:42:23] [Render thread/INFO] (Minecraft) Loaded 1688 advancements
[14:42:23] [Render thread/INFO] (BiomeModificationImpl) Applied 0 biome modifications to 0 of 66 new biomes in 1.714 ms
[14:42:23] [Server thread/INFO] (Minecraft) Starting integrated minecraft server version 26.2
[14:42:23] [Server thread/INFO] (Minecraft) Generating keypair
[14:42:24] [Server thread/INFO] (Minecraft) Loading 0 persistent chunks...
[14:42:24] [Server thread/INFO] (Minecraft) Preparing spawn area: 16%
[14:42:24] [Server thread/INFO] (Minecraft) Saving chunks for level 'ServerLevel[New World]'/minecraft:overworld
[14:42:24] [Server thread/INFO] (Minecraft) Saving chunks for level 'ServerLevel[New World]'/minecraft:the_nether
[14:42:24] [Server thread/INFO] (Minecraft) Saving chunks for level 'ServerLevel[New World]'/minecraft:the_end
[14:42:24] [Server thread/INFO] (Minecraft) ThreadedAnvilChunkStorage (world): All chunks are saved
[14:42:24] [Server thread/INFO] (Minecraft) ThreadedAnvilChunkStorage (DIM-1): All chunks are saved
[14:42:24] [Server thread/INFO] (Minecraft) ThreadedAnvilChunkStorage (DIM1): All chunks are saved
[14:42:24] [Server thread/INFO] (Minecraft) ThreadedAnvilChunkStorage: All dimensions are saved
[14:42:25] [Server thread/INFO] (Minecraft) Loading 49 chunks for player spawn...
[14:42:25] [Server thread/INFO] (Minecraft) Preparing spawn area: 16%
[14:42:25] [Server thread/INFO] (Minecraft) Preparing spawn area: 16%
[14:42:25] [Server thread/INFO] (Minecraft) Time elapsed: 1459 ms
[14:42:25] [Server thread/INFO] (Minecraft) Player548[local:E:49846084] logged in with entity id 15 at (-304.94154139575744, -60.0, 238.6787267809166)
[14:42:25] [Server thread/INFO] (Minecraft) Player548 joined the game
[14:42:26] [Server thread/INFO] (Minecraft) Changing view distance to 16, from 10
[14:42:26] [Server thread/INFO] (Minecraft) Changing simulation distance to 12, from 0
[14:42:26] [Render thread/INFO] (Minecraft) Resizing Dynamic Transforms UBO, capacity limit of 2 reached during a single frame. New capacity will be 4.
[14:42:26] [Render thread/INFO] (Minecraft) Loaded 14 advancements
[14:42:26] [Download-2/ERROR] (Minecraft) Failed to retrieve profile key pair
MinecraftClientHttpException[type=HTTP_ERROR, status=401, response=ErrorResponse[path=/player/certificates, error=null, errorMessage=null, details=null]]
	at knot//com.mojang.authlib.minecraft.client.MinecraftClient.buildHttpException(MinecraftClient.java:170)
	at knot//com.mojang.authlib.minecraft.client.MinecraftClient.readServiceResponse(MinecraftClient.java:147)
	at knot//com.mojang.authlib.minecraft.client.MinecraftClient.post(MinecraftClient.java:89)
	at knot//com.mojang.authlib.yggdrasil.YggdrasilUserApiService.getKeyPair(YggdrasilUserApiService.java:62)
	at knot//net.minecraft.client.multiplayer.AccountProfileKeyPairManager.fetchProfileKeyPair(AccountProfileKeyPairManager.java:128)
	at knot//net.minecraft.client.multiplayer.AccountProfileKeyPairManager.lambda$readOrFetchProfileKeyPair$0(AccountProfileKeyPairManager.java:77)
	at java.base/java.util.concurrent.CompletableFuture$AsyncSupply.run(CompletableFuture.java:1789)
	at java.base/java.util.concurrent.ThreadPoolExecutor.runWorker(ThreadPoolExecutor.java:1090)
	at java.base/java.util.concurrent.ThreadPoolExecutor$Worker.run(ThreadPoolExecutor.java:614)
	at java.base/java.lang.Thread.run(Thread.java:1474)
[14:42:26] [Render thread/INFO] (Minecraft) Resizing Dynamic Transforms UBO, capacity limit of 4 reached during a single frame. New capacity will be 8.
[14:42:26] [Render thread/INFO] (Minecraft) Resizing Dynamic Transforms UBO, capacity limit of 8 reached during a single frame. New capacity will be 16.
[14:42:27] [Render thread/INFO] (Minecraft) Resizing Chunk Sections UBO, capacity limit of 2 reached during a single frame. New capacity will be 4.
[14:42:27] [Render thread/INFO] (Minecraft) Resizing Chunk Sections UBO, capacity limit of 4 reached during a single frame. New capacity will be 8.
[14:42:27] [Render thread/INFO] (Minecraft) Resizing Chunk Sections UBO, capacity limit of 8 reached during a single frame. New capacity will be 16.
[14:42:27] [Render thread/INFO] (Minecraft) Resizing Chunk Sections UBO, capacity limit of 16 reached during a single frame. New capacity will be 32.
[14:42:27] [Render thread/INFO] (Minecraft) Resizing Chunk Sections UBO, capacity limit of 32 reached during a single frame. New capacity will be 64.
[14:42:28] [Render thread/INFO] (Minecraft) Resizing Chunk Sections UBO, capacity limit of 64 reached during a single frame. New capacity will be 128.
[14:42:29] [Render thread/INFO] (Minecraft) Resizing Chunk Sections UBO, capacity limit of 128 reached during a single frame. New capacity will be 256.
[14:42:31] [Render thread/INFO] (Minecraft) Resizing Chunk Sections UBO, capacity limit of 256 reached during a single frame. New capacity will be 512.
[14:42:34] [Render thread/INFO] (Minecraft) [System] [CHAT] Done!
[14:42:34] [Server thread/INFO] (Minecraft) [Player548: Summoned new Player548_]
[14:42:34] [Render thread/INFO] (Minecraft) [System] [CHAT] Summoned new Player548_
[14:42:34] [Server thread/INFO] (Minecraft) [Player548: Teleported Player548_ to Player548]
[14:42:34] [Render thread/INFO] (Minecraft) [System] [CHAT] Teleported Player548_ to Player548
[14:42:34] [Server thread/INFO] (Minecraft) [Player548: Teleported Player548_ to Player548]
[14:42:34] [Render thread/INFO] (Minecraft) [System] [CHAT] Teleported Player548_ to Player548
[14:42:34] [Server thread/INFO] (Minecraft) [Player548: Teleported Player548_ to Player548]
[14:42:34] [Render thread/INFO] (Minecraft) [System] [CHAT] Teleported Player548_ to Player548
[14:42:34] [Server thread/INFO] (Minecraft) [Player548: Teleported Player548_ to Player548]
[14:42:34] [Render thread/INFO] (Minecraft) [System] [CHAT] Teleported Player548_ to Player548
[14:42:34] [Server thread/INFO] (Minecraft) [Player548: Teleported Player548_ to Player548]
[14:42:34] [Render thread/INFO] (Minecraft) [System] [CHAT] Teleported Player548_ to Player548
[14:42:34] [Server thread/INFO] (Minecraft) [Player548: Teleported Player548_ to Player548]
[14:42:34] [Render thread/INFO] (Minecraft) [System] [CHAT] Teleported Player548_ to Player548
[14:42:34] [Server thread/INFO] (Minecraft) [Player548: Teleported Player548_ to Player548]
[14:42:34] [Render thread/INFO] (Minecraft) [System] [CHAT] Teleported Player548_ to Player548
[14:42:34] [Server thread/INFO] (Minecraft) [Player548: Teleported Player548_ to Player548]
[14:42:34] [Render thread/INFO] (Minecraft) [System] [CHAT] Teleported Player548_ to Player548
[14:42:34] [Server thread/INFO] (Minecraft) [Player548: Teleported Player548_ to Player548]
[14:42:34] [Render thread/INFO] (Minecraft) [System] [CHAT] Teleported Player548_ to Player548
[14:42:34] [Server thread/INFO] (Minecraft) [Player548: Teleported Player548_ to Player548]
[14:42:34] [Render thread/INFO] (Minecraft) [System] [CHAT] Teleported Player548_ to Player548
[14:42:34] [Server thread/INFO] (Minecraft) [Player548: Teleported Player548_ to Player548]
[14:42:34] [Render thread/INFO] (Minecraft) [System] [CHAT] Teleported Player548_ to Player548
[14:42:34] [Server thread/INFO] (Minecraft) [Player548: Teleported Player548_ to Player548]
[14:42:34] [Render thread/INFO] (Minecraft) [System] [CHAT] Teleported Player548_ to Player548
[14:42:34] [Server thread/INFO] (Minecraft) [Player548: Teleported Player548_ to Player548]
[14:42:34] [Render thread/INFO] (Minecraft) [System] [CHAT] Teleported Player548_ to Player548
[14:42:34] [Server thread/INFO] (Minecraft) [Player548: Teleported Player548_ to Player548]
[14:42:34] [Render thread/INFO] (Minecraft) [System] [CHAT] Teleported Player548_ to Player548
[14:42:34] [Server thread/INFO] (Minecraft) [Player548: Teleported Player548_ to Player548]
[14:42:34] [Render thread/INFO] (Minecraft) [System] [CHAT] Teleported Player548_ to Player548
[14:42:34] [Server thread/INFO] (Minecraft) [Player548: Teleported Player548_ to Player548]
[14:42:34] [Render thread/INFO] (Minecraft) [System] [CHAT] Teleported Player548_ to Player548
[14:42:34] [Server thread/INFO] (Minecraft) [Player548: Teleported Player548_ to Player548]
[14:42:34] [Render thread/INFO] (Minecraft) [System] [CHAT] Teleported Player548_ to Player548
[14:42:34] [Server thread/INFO] (Minecraft) [Player548: Teleported Player548_ to Player548]
[14:42:34] [Render thread/INFO] (Minecraft) [System] [CHAT] Teleported Player548_ to Player548
[14:42:35] [Server thread/INFO] (Minecraft) [Player548: Teleported Player548_ to Player548]
[14:42:35] [Render thread/INFO] (Minecraft) [System] [CHAT] Teleported Player548_ to Player548
[14:42:35] [Server thread/INFO] (Minecraft) [Player548: Teleported Player548_ to Player548]
[14:42:35] [Render thread/INFO] (Minecraft) [System] [CHAT] Teleported Player548_ to Player548
[14:42:35] [Server thread/INFO] (Minecraft) [Player548: Teleported Player548_ to Player548]
[14:42:35] [Render thread/INFO] (Minecraft) [System] [CHAT] Teleported Player548_ to Player548
[14:42:35] [Server thread/INFO] (Minecraft) [Player548: Teleported Player548_ to Player548]
[14:42:35] [Render thread/INFO] (Minecraft) [System] [CHAT] Teleported Player548_ to Player548
[14:42:35] [Server thread/INFO] (Minecraft) [Player548: Teleported Player548_ to Player548]
[14:42:35] [Render thread/INFO] (Minecraft) [System] [CHAT] Teleported Player548_ to Player548
[14:42:35] [Server thread/INFO] (Minecraft) [Player548: Teleported Player548_ to Player548]
[14:42:35] [Render thread/INFO] (Minecraft) [System] [CHAT] Teleported Player548_ to Player548
[14:42:35] [Server thread/INFO] (Minecraft) [Player548: Teleported Player548_ to Player548]
[14:42:35] [Render thread/INFO] (Minecraft) [System] [CHAT] Teleported Player548_ to Player548
[14:42:35] [Server thread/INFO] (Minecraft) [Player548: Teleported Player548_ to Player548]
[14:42:35] [Render thread/INFO] (Minecraft) [System] [CHAT] Teleported Player548_ to Player548
[14:42:35] [Server thread/INFO] (Minecraft) [Player548: Teleported Player548_ to Player548]
[14:42:35] [Render thread/INFO] (Minecraft) [System] [CHAT] Teleported Player548_ to Player548
[14:42:35] [Server thread/INFO] (Minecraft) [Player548: Teleported Player548_ to Player548]
[14:42:35] [Render thread/INFO] (Minecraft) [System] [CHAT] Teleported Player548_ to Player548
[14:42:35] [Server thread/INFO] (Minecraft) [Player548: Teleported Player548_ to Player548]
[14:42:35] [Render thread/INFO] (Minecraft) [System] [CHAT] Teleported Player548_ to Player548
[14:42:35] [Server thread/INFO] (Minecraft) [Player548: Teleported Player548_ to Player548]
[14:42:35] [Render thread/INFO] (Minecraft) [System] [CHAT] Teleported Player548_ to Player548
[14:42:35] [Server thread/INFO] (Minecraft) [Player548: Teleported Player548_ to Player548]
[14:42:35] [Render thread/INFO] (Minecraft) [System] [CHAT] Teleported Player548_ to Player548
[14:42:35] [Server thread/INFO] (Minecraft) [Player548: Teleported Player548_ to Player548]
[14:42:35] [Render thread/INFO] (Minecraft) [System] [CHAT] Teleported Player548_ to Player548
[14:42:35] [Server thread/INFO] (Minecraft) [Player548: Teleported Player548_ to Player548]
[14:42:35] [Render thread/INFO] (Minecraft) [System] [CHAT] Teleported Player548_ to Player548
[14:42:35] [Server thread/INFO] (Minecraft) [Player548: Teleported Player548_ to Player548]
[14:42:35] [Render thread/INFO] (Minecraft) [System] [CHAT] Teleported Player548_ to Player548
[14:42:35] [Server thread/INFO] (Minecraft) [Player548: Teleported Player548_ to Player548]
[14:42:35] [Render thread/INFO] (Minecraft) [System] [CHAT] Teleported Player548_ to Player548
[14:42:35] [Server thread/INFO] (Minecraft) [Player548: Teleported Player548_ to Player548]
[14:42:35] [Render thread/INFO] (Minecraft) [System] [CHAT] Teleported Player548_ to Player548
[14:42:35] [Server thread/INFO] (Minecraft) [Player548: Teleported Player548_ to Player548]
[14:42:35] [Render thread/INFO] (Minecraft) [System] [CHAT] Teleported Player548_ to Player548
[14:42:35] [Server thread/INFO] (Minecraft) [Player548: Teleported Player548_ to Player548]
[14:42:35] [Render thread/INFO] (Minecraft) [System] [CHAT] Teleported Player548_ to Player548
[14:42:36] [Server thread/INFO] (Minecraft) [Player548: Teleported Player548_ to Player548]
[14:42:36] [Render thread/INFO] (Minecraft) [System] [CHAT] Teleported Player548_ to Player548
[14:42:36] [Server thread/INFO] (Minecraft) [Player548: Teleported Player548_ to Player548]
[14:42:36] [Render thread/INFO] (Minecraft) [System] [CHAT] Teleported Player548_ to Player548
[14:42:36] [Server thread/INFO] (Minecraft) [Player548: Teleported Player548_ to Player548]
[14:42:36] [Render thread/INFO] (Minecraft) [System] [CHAT] Teleported Player548_ to Player548
[14:42:36] [Server thread/INFO] (Minecraft) [Player548: Teleported Player548_ to Player548]
[14:42:36] [Render thread/INFO] (Minecraft) [System] [CHAT] Teleported Player548_ to Player548
[14:42:36] [Server thread/INFO] (Minecraft) [Player548: Teleported Player548_ to Player548]
[14:42:36] [Render thread/INFO] (Minecraft) [System] [CHAT] Teleported Player548_ to Player548
[14:42:36] [Server thread/INFO] (Minecraft) [Player548: Teleported Player548_ to Player548]
[14:42:36] [Render thread/INFO] (Minecraft) [System] [CHAT] Teleported Player548_ to Player548
[14:42:36] [Server thread/INFO] (Minecraft) [Player548: Teleported Player548_ to Player548]
[14:42:36] [Render thread/INFO] (Minecraft) [System] [CHAT] Teleported Player548_ to Player548
[14:42:36] [Server thread/INFO] (Minecraft) [Player548: Teleported Player548_ to Player548]
[14:42:36] [Render thread/INFO] (Minecraft) [System] [CHAT] Teleported Player548_ to Player548
[14:42:36] [Server thread/INFO] (Minecraft) [Player548: Teleported Player548_ to Player548]
[14:42:36] [Render thread/INFO] (Minecraft) [System] [CHAT] Teleported Player548_ to Player548
[14:42:36] [Server thread/INFO] (Minecraft) [Player548: Teleported Player548_ to Player548]
[14:42:36] [Render thread/INFO] (Minecraft) [System] [CHAT] Teleported Player548_ to Player548
[14:42:36] [Server thread/INFO] (Minecraft) [Player548: Teleported Player548_ to Player548]
[14:42:36] [Render thread/INFO] (Minecraft) [System] [CHAT] Teleported Player548_ to Player548
[14:42:36] [Server thread/INFO] (Minecraft) [Player548: Teleported Player548_ to Player548]
[14:42:36] [Render thread/INFO] (Minecraft) [System] [CHAT] Teleported Player548_ to Player548
[14:42:36] [Server thread/INFO] (Minecraft) [Player548: Teleported Player548_ to Player548]
[14:42:36] [Render thread/INFO] (Minecraft) [System] [CHAT] Teleported Player548_ to Player548
[14:42:36] [Server thread/INFO] (Minecraft) [Player548: Teleported Player548_ to Player548]
[14:42:36] [Render thread/INFO] (Minecraft) [System] [CHAT] Teleported Player548_ to Player548
[14:42:36] [Server thread/INFO] (Minecraft) [Player548: Teleported Player548_ to Player548]
[14:42:36] [Render thread/INFO] (Minecraft) [System] [CHAT] Teleported Player548_ to Player548
[14:42:36] [Server thread/INFO] (Minecraft) [Player548: Teleported Player548_ to Player548]
[14:42:36] [Render thread/INFO] (Minecraft) [System] [CHAT] Teleported Player548_ to Player548
[14:42:36] [Server thread/INFO] (Minecraft) [Player548: Teleported Player548_ to Player548]
[14:42:36] [Render thread/INFO] (Minecraft) [System] [CHAT] Teleported Player548_ to Player548
[14:42:36] [Server thread/INFO] (Minecraft) [Player548: Teleported Player548_ to Player548]
[14:42:36] [Render thread/INFO] (Minecraft) [System] [CHAT] Teleported Player548_ to Player548
[14:42:36] [Server thread/INFO] (Minecraft) [Player548: Teleported Player548_ to Player548]
[14:42:36] [Render thread/INFO] (Minecraft) [System] [CHAT] Teleported Player548_ to Player548
[14:42:36] [Server thread/INFO] (Minecraft) [Player548: Teleported Player548_ to Player548]
[14:42:36] [Render thread/INFO] (Minecraft) [System] [CHAT] Teleported Player548_ to Player548
[14:42:37] [Server thread/INFO] (Minecraft) [Player548: Teleported Player548_ to Player548]
[14:42:37] [Render thread/INFO] (Minecraft) [System] [CHAT] Teleported Player548_ to Player548
[14:42:37] [Server thread/INFO] (Minecraft) [Player548: Teleported Player548_ to Player548]
[14:42:37] [Render thread/INFO] (Minecraft) [System] [CHAT] Teleported Player548_ to Player548
[14:42:37] [Server thread/INFO] (Minecraft) [Player548: Teleported Player548_ to Player548]
[14:42:37] [Render thread/INFO] (Minecraft) [System] [CHAT] Teleported Player548_ to Player548
[14:42:37] [Server thread/INFO] (Minecraft) [Player548: Teleported Player548_ to Player548]
[14:42:37] [Render thread/INFO] (Minecraft) [System] [CHAT] Teleported Player548_ to Player548
[14:42:37] [Server thread/INFO] (Minecraft) [Player548: Teleported Player548_ to Player548]
[14:42:37] [Render thread/INFO] (Minecraft) [System] [CHAT] Teleported Player548_ to Player548
[14:42:37] [Server thread/INFO] (Minecraft) [Player548: Teleported Player548_ to Player548]
[14:42:37] [Render thread/INFO] (Minecraft) [System] [CHAT] Teleported Player548_ to Player548
[14:42:37] [Server thread/INFO] (Minecraft) [Player548: Teleported Player548_ to Player548]
[14:42:37] [Render thread/INFO] (Minecraft) [System] [CHAT] Teleported Player548_ to Player548
[14:42:37] [Server thread/INFO] (Minecraft) [Player548: Teleported Player548_ to Player548]
[14:42:37] [Render thread/INFO] (Minecraft) [System] [CHAT] Teleported Player548_ to Player548
[14:42:37] [Server thread/INFO] (Minecraft) [Player548: Teleported Player548_ to Player548]
[14:42:37] [Render thread/INFO] (Minecraft) [System] [CHAT] Teleported Player548_ to Player548
[14:42:37] [Server thread/INFO] (Minecraft) [Player548: Teleported Player548_ to Player548]
[14:42:37] [Render thread/INFO] (Minecraft) [System] [CHAT] Teleported Player548_ to Player548
[14:42:37] [Server thread/INFO] (Minecraft) [Player548: Teleported Player548_ to Player548]
[14:42:37] [Render thread/INFO] (Minecraft) [System] [CHAT] Teleported Player548_ to Player548
[14:42:37] [Server thread/INFO] (Minecraft) [Player548: Teleported Player548_ to Player548]
[14:42:37] [Render thread/INFO] (Minecraft) [System] [CHAT] Teleported Player548_ to Player548
[14:42:37] [Server thread/INFO] (Minecraft) [Player548: Teleported Player548_ to Player548]
[14:42:37] [Render thread/INFO] (Minecraft) [System] [CHAT] Teleported Player548_ to Player548
[14:42:37] [Server thread/INFO] (Minecraft) [Player548: Teleported Player548_ to Player548]
[14:42:37] [Render thread/INFO] (Minecraft) [System] [CHAT] Teleported Player548_ to Player548
[14:42:37] [Server thread/INFO] (Minecraft) [Player548: Teleported Player548_ to Player548]
[14:42:37] [Render thread/INFO] (Minecraft) [System] [CHAT] Teleported Player548_ to Player548
[14:42:37] [Server thread/INFO] (Minecraft) [Player548: Teleported Player548_ to Player548]
[14:42:37] [Render thread/INFO] (Minecraft) [System] [CHAT] Teleported Player548_ to Player548
[14:42:37] [Server thread/INFO] (Minecraft) [Player548: Teleported Player548_ to Player548]
[14:42:37] [Render thread/INFO] (Minecraft) [System] [CHAT] Teleported Player548_ to Player548
[14:42:37] [Server thread/INFO] (Minecraft) [Player548: Teleported Player548_ to Player548]
[14:42:37] [Render thread/INFO] (Minecraft) [System] [CHAT] Teleported Player548_ to Player548
[14:42:37] [Server thread/INFO] (Minecraft) [Player548: Teleported Player548_ to Player548]
[14:42:37] [Render thread/INFO] (Minecraft) [System] [CHAT] Teleported Player548_ to Player548
[14:42:37] [Server thread/INFO] (Minecraft) [Player548: Teleported Player548_ to Player548]
[14:42:38] [Render thread/INFO] (Minecraft) [System] [CHAT] Teleported Player548_ to Player548
[14:42:38] [Server thread/INFO] (Minecraft) [Player548: Teleported Player548_ to Player548]
[14:42:38] [Render thread/INFO] (Minecraft) [System] [CHAT] Teleported Player548_ to Player548
[14:42:38] [Server thread/INFO] (Minecraft) [Player548: Teleported Player548_ to Player548]
[14:42:38] [Render thread/INFO] (Minecraft) [System] [CHAT] Teleported Player548_ to Player548
[14:42:38] [Server thread/INFO] (Minecraft) [Player548: Teleported Player548_ to Player548]
[14:42:38] [Render thread/INFO] (Minecraft) [System] [CHAT] Teleported Player548_ to Player548
[14:42:38] [Server thread/INFO] (Minecraft) [Player548: Teleported Player548_ to Player548]
[14:42:38] [Render thread/INFO] (Minecraft) [System] [CHAT] Teleported Player548_ to Player548
[14:42:38] [Server thread/INFO] (Minecraft) [Player548: Teleported Player548_ to Player548]
[14:42:38] [Render thread/INFO] (Minecraft) [System] [CHAT] Teleported Player548_ to Player548
[14:42:38] [Server thread/INFO] (Minecraft) [Player548: Teleported Player548_ to Player548]
[14:42:38] [Render thread/INFO] (Minecraft) [System] [CHAT] Teleported Player548_ to Player548
[14:42:38] [Server thread/INFO] (Minecraft) [Player548: Teleported Player548_ to Player548]
[14:42:38] [Render thread/INFO] (Minecraft) [System] [CHAT] Teleported Player548_ to Player548
[14:42:38] [Server thread/INFO] (Minecraft) [Player548: Teleported Player548_ to Player548]
[14:42:38] [Render thread/INFO] (Minecraft) [System] [CHAT] Teleported Player548_ to Player548
[14:42:38] [Server thread/INFO] (Minecraft) [Player548: Teleported Player548_ to Player548]
[14:42:38] [Server thread/INFO] (Minecraft) [Player548: Teleported Player548_ to Player548]
[14:42:38] [Render thread/INFO] (Minecraft) [System] [CHAT] Teleported Player548_ to Player548
[14:42:38] [Render thread/INFO] (Minecraft) [System] [CHAT] Teleported Player548_ to Player548
[14:42:38] [Server thread/INFO] (Minecraft) [Player548: Teleported Player548_ to Player548]
[14:42:38] [Render thread/INFO] (Minecraft) [System] [CHAT] Teleported Player548_ to Player548
[14:42:38] [Server thread/INFO] (Minecraft) [Player548: Teleported Player548_ to Player548]
[14:42:38] [Render thread/INFO] (Minecraft) [System] [CHAT] Teleported Player548_ to Player548
[14:42:38] [Server thread/INFO] (Minecraft) [Player548: Teleported Player548_ to Player548]
[14:42:38] [Render thread/INFO] (Minecraft) [System] [CHAT] Teleported Player548_ to Player548
[14:42:38] [Server thread/INFO] (Minecraft) [Player548: Teleported Player548_ to Player548]
[14:42:38] [Render thread/INFO] (Minecraft) [System] [CHAT] Teleported Player548_ to Player548
[14:42:38] [Server thread/INFO] (Minecraft) [Player548: Teleported Player548_ to Player548]
[14:42:38] [Render thread/INFO] (Minecraft) [System] [CHAT] Teleported Player548_ to Player548
[14:42:38] [Server thread/INFO] (Minecraft) [Player548: Teleported Player548_ to Player548]
[14:42:38] [Render thread/INFO] (Minecraft) [System] [CHAT] Teleported Player548_ to Player548
[14:42:38] [Server thread/INFO] (Minecraft) [Player548: Teleported Player548_ to Player548]
[14:42:38] [Render thread/INFO] (Minecraft) [System] [CHAT] Teleported Player548_ to Player548
[14:42:38] [Server thread/INFO] (Minecraft) [Player548: Teleported Player548_ to Player548]
[14:42:38] [Render thread/INFO] (Minecraft) [System] [CHAT] Teleported Player548_ to Player548
[14:42:38] [Server thread/INFO] (Minecraft) [Player548: Teleported Player548_ to Player548]
[14:42:38] [Render thread/INFO] (Minecraft) [System] [CHAT] Teleported Player548_ to Player548
[14:42:38] [Server thread/INFO] (Minecraft) [Player548: Teleported Player548_ to Player548]
[14:42:38] [Render thread/INFO] (Minecraft) [System] [CHAT] Teleported Player548_ to Player548
[14:42:39] [Server thread/INFO] (Minecraft) [Player548: Teleported Player548_ to Player548]
[14:42:39] [Render thread/INFO] (Minecraft) [System] [CHAT] Teleported Player548_ to Player548
[14:42:39] [Server thread/INFO] (Minecraft) [Player548: Teleported Player548_ to Player548]
[14:42:39] [Render thread/INFO] (Minecraft) [System] [CHAT] Teleported Player548_ to Player548
[14:42:39] [Server thread/INFO] (Minecraft) [Player548: Teleported Player548_ to Player548]
[14:42:39] [Render thread/INFO] (Minecraft) [System] [CHAT] Teleported Player548_ to Player548
[14:42:39] [Server thread/INFO] (Minecraft) [Player548: Teleported Player548_ to Player548]
[14:42:39] [Render thread/INFO] (Minecraft) [System] [CHAT] Teleported Player548_ to Player548
[14:42:39] [Server thread/INFO] (Minecraft) [Player548: Teleported Player548_ to Player548]
[14:42:39] [Render thread/INFO] (Minecraft) [System] [CHAT] Teleported Player548_ to Player548
[14:42:39] [Server thread/INFO] (Minecraft) [Player548: Teleported Player548_ to Player548]
[14:42:39] [Render thread/INFO] (Minecraft) [System] [CHAT] Teleported Player548_ to Player548
[14:42:39] [Server thread/INFO] (Minecraft) [Player548: Teleported Player548_ to Player548]
[14:42:39] [Render thread/INFO] (Minecraft) [System] [CHAT] Teleported Player548_ to Player548
[14:42:39] [Server thread/INFO] (Minecraft) [Player548: Teleported Player548_ to Player548]
[14:42:39] [Render thread/INFO] (Minecraft) [System] [CHAT] Teleported Player548_ to Player548
[14:42:39] [Server thread/INFO] (Minecraft) [Player548: Teleported Player548_ to Player548]
[14:42:39] [Render thread/INFO] (Minecraft) [System] [CHAT] Teleported Player548_ to Player548
[14:42:39] [Server thread/INFO] (Minecraft) [Player548: Teleported Player548_ to Player548]
[14:42:39] [Render thread/INFO] (Minecraft) [System] [CHAT] Teleported Player548_ to Player548
[14:42:39] [Server thread/INFO] (Minecraft) [Player548: Teleported Player548_ to Player548]
[14:42:39] [Render thread/INFO] (Minecraft) [System] [CHAT] Teleported Player548_ to Player548
[14:42:39] [Server thread/INFO] (Minecraft) [Player548: Teleported Player548_ to Player548]
[14:42:39] [Render thread/INFO] (Minecraft) [System] [CHAT] Teleported Player548_ to Player548
[14:42:39] [Server thread/INFO] (Minecraft) [Player548: Teleported Player548_ to Player548]
[14:42:39] [Render thread/INFO] (Minecraft) [System] [CHAT] Teleported Player548_ to Player548
[14:42:39] [Server thread/INFO] (Minecraft) [Player548: Teleported Player548_ to Player548]
[14:42:39] [Render thread/INFO] (Minecraft) [System] [CHAT] Teleported Player548_ to Player548
[14:42:39] [Server thread/INFO] (Minecraft) [Player548: Teleported Player548_ to Player548]
[14:42:39] [Render thread/INFO] (Minecraft) [System] [CHAT] Teleported Player548_ to Player548
[14:42:39] [Server thread/INFO] (Minecraft) [Player548: Teleported Player548_ to Player548]
[14:42:39] [Render thread/INFO] (Minecraft) [System] [CHAT] Teleported Player548_ to Player548
[14:42:39] [Server thread/INFO] (Minecraft) [Player548: Teleported Player548_ to Player548]
[14:42:39] [Render thread/INFO] (Minecraft) [System] [CHAT] Teleported Player548_ to Player548
[14:42:39] [Server thread/INFO] (Minecraft) [Player548: Teleported Player548_ to Player548]
[14:42:39] [Render thread/INFO] (Minecraft) [System] [CHAT] Teleported Player548_ to Player548
[14:42:39] [Server thread/INFO] (Minecraft) [Player548: Teleported Player548_ to Player548]
[14:42:39] [Render thread/INFO] (Minecraft) [System] [CHAT] Teleported Player548_ to Player548
[14:42:39] [Server thread/INFO] (Minecraft) [Player548: Teleported Player548_ to Player548]
[14:42:39] [Render thread/INFO] (Minecraft) [System] [CHAT] Teleported Player548_ to Player548
[14:42:40] [Server thread/INFO] (Minecraft) [Player548: Teleported Player548_ to Player548]
[14:42:40] [Render thread/INFO] (Minecraft) [System] [CHAT] Teleported Player548_ to Player548
[14:42:40] [Server thread/INFO] (Minecraft) [Player548: Teleported Player548_ to Player548]
[14:42:40] [Render thread/INFO] (Minecraft) [System] [CHAT] Teleported Player548_ to Player548
[14:42:40] [Server thread/INFO] (Minecraft) [Player548: Teleported Player548_ to Player548]
[14:42:40] [Render thread/INFO] (Minecraft) [System] [CHAT] Teleported Player548_ to Player548
[14:42:40] [Server thread/INFO] (Minecraft) [Player548: Teleported Player548_ to Player548]
[14:42:40] [Render thread/INFO] (Minecraft) [System] [CHAT] Teleported Player548_ to Player548
[14:42:40] [Server thread/INFO] (Minecraft) [Player548: Teleported Player548_ to Player548]
[14:42:40] [Render thread/INFO] (Minecraft) [System] [CHAT] Teleported Player548_ to Player548
[14:42:40] [Server thread/INFO] (Minecraft) [Player548: Teleported Player548_ to Player548]
[14:42:40] [Render thread/INFO] (Minecraft) [System] [CHAT] Teleported Player548_ to Player548
[14:42:40] [Server thread/INFO] (Minecraft) [Player548: Teleported Player548_ to Player548]
[14:42:40] [Render thread/INFO] (Minecraft) [System] [CHAT] Teleported Player548_ to Player548
[14:42:40] [Server thread/INFO] (Minecraft) [Player548: Teleported Player548_ to Player548]
[14:42:40] [Render thread/INFO] (Minecraft) [System] [CHAT] Teleported Player548_ to Player548
[14:42:40] [Server thread/INFO] (Minecraft) [Player548: Teleported Player548_ to Player548]
[14:42:40] [Render thread/INFO] (Minecraft) [System] [CHAT] Teleported Player548_ to Player548
[14:42:40] [Server thread/INFO] (Minecraft) [Player548: Teleported Player548_ to Player548]
[14:42:40] [Render thread/INFO] (Minecraft) [System] [CHAT] Teleported Player548_ to Player548
[14:42:40] [Server thread/INFO] (Minecraft) [Player548: Teleported Player548_ to Player548]
[14:42:40] [Render thread/INFO] (Minecraft) [System] [CHAT] Teleported Player548_ to Player548
[14:42:40] [Server thread/INFO] (Minecraft) [Player548: Teleported Player548_ to Player548]
[14:42:40] [Render thread/INFO] (Minecraft) [System] [CHAT] Teleported Player548_ to Player548
[14:42:40] [Server thread/INFO] (Minecraft) [Player548: Teleported Player548_ to Player548]
[14:42:40] [Render thread/INFO] (Minecraft) [System] [CHAT] Teleported Player548_ to Player548
[14:42:40] [Server thread/INFO] (Minecraft) [Player548: Teleported Player548_ to Player548]
[14:42:40] [Render thread/INFO] (Minecraft) [System] [CHAT] Teleported Player548_ to Player548
[14:42:40] [Server thread/INFO] (Minecraft) [Player548: Teleported Player548_ to Player548]
[14:42:40] [Render thread/INFO] (Minecraft) [System] [CHAT] Teleported Player548_ to Player548
[14:42:40] [Server thread/INFO] (Minecraft) [Player548: Teleported Player548_ to Player548]
[14:42:40] [Render thread/INFO] (Minecraft) [System] [CHAT] Teleported Player548_ to Player548
[14:42:40] [Server thread/INFO] (Minecraft) [Player548: Teleported Player548_ to Player548]
[14:42:40] [Render thread/INFO] (Minecraft) [System] [CHAT] Teleported Player548_ to Player548
[14:42:40] [Server thread/INFO] (Minecraft) [Player548: Teleported Player548_ to Player548]
[14:42:40] [Render thread/INFO] (Minecraft) [System] [CHAT] Teleported Player548_ to Player548
[14:42:40] [Server thread/INFO] (Minecraft) [Player548: Teleported Player548_ to Player548]
[14:42:40] [Render thread/INFO] (Minecraft) [System] [CHAT] Teleported Player548_ to Player548
[14:42:40] [Server thread/INFO] (Minecraft) [Player548: Teleported Player548_ to Player548]
[14:42:40] [Render thread/INFO] (Minecraft) [System] [CHAT] Teleported Player548_ to Player548
[14:42:41] [Server thread/INFO] (Minecraft) [Player548: Teleported Player548_ to Player548]
[14:42:41] [Render thread/INFO] (Minecraft) [System] [CHAT] Teleported Player548_ to Player548
[14:42:41] [Server thread/INFO] (Minecraft) [Player548: Teleported Player548_ to Player548]
[14:42:41] [Render thread/INFO] (Minecraft) [System] [CHAT] Teleported Player548_ to Player548
[14:42:41] [Server thread/INFO] (Minecraft) [Player548: Teleported Player548_ to Player548]
[14:42:41] [Render thread/INFO] (Minecraft) [System] [CHAT] Teleported Player548_ to Player548
[14:42:41] [Server thread/INFO] (Minecraft) [Player548: Teleported Player548_ to Player548]
[14:42:41] [Render thread/INFO] (Minecraft) [System] [CHAT] Teleported Player548_ to Player548
[14:42:41] [Server thread/INFO] (Minecraft) [Player548: Teleported Player548_ to Player548]
[14:42:41] [Render thread/INFO] (Minecraft) [System] [CHAT] Teleported Player548_ to Player548
[14:42:41] [Server thread/INFO] (Minecraft) [Player548: Teleported Player548_ to Player548]
[14:42:41] [Render thread/INFO] (Minecraft) [System] [CHAT] Teleported Player548_ to Player548
[14:42:41] [Server thread/INFO] (Minecraft) [Player548: Teleported Player548_ to Player548]
[14:42:41] [Render thread/INFO] (Minecraft) [System] [CHAT] Teleported Player548_ to Player548
[14:42:41] [Server thread/INFO] (Minecraft) [Player548: Teleported Player548_ to Player548]
[14:42:41] [Render thread/INFO] (Minecraft) [System] [CHAT] Teleported Player548_ to Player548
[14:42:41] [Server thread/INFO] (Minecraft) [Player548: Teleported Player548_ to Player548]
[14:42:41] [Render thread/INFO] (Minecraft) [System] [CHAT] Teleported Player548_ to Player548
[14:42:41] [Server thread/INFO] (Minecraft) [Player548: Teleported Player548_ to Player548]
[14:42:41] [Render thread/INFO] (Minecraft) [System] [CHAT] Teleported Player548_ to Player548
[14:42:41] [Server thread/INFO] (Minecraft) [Player548: Teleported Player548_ to Player548]
[14:42:41] [Render thread/INFO] (Minecraft) [System] [CHAT] Teleported Player548_ to Player548
[14:42:41] [Server thread/INFO] (Minecraft) [Player548: Teleported Player548_ to Player548]
[14:42:41] [Render thread/INFO] (Minecraft) [System] [CHAT] Teleported Player548_ to Player548
[14:42:41] [Server thread/INFO] (Minecraft) [Player548: Teleported Player548_ to Player548]
[14:42:41] [Render thread/INFO] (Minecraft) [System] [CHAT] Teleported Player548_ to Player548
[14:42:41] [Server thread/INFO] (Minecraft) [Player548: Teleported Player548_ to Player548]
[14:42:41] [Render thread/INFO] (Minecraft) [System] [CHAT] Teleported Player548_ to Player548
[14:42:41] [Server thread/INFO] (Minecraft) [Player548: Teleported Player548_ to Player548]
[14:42:41] [Render thread/INFO] (Minecraft) [System] [CHAT] Teleported Player548_ to Player548
[14:42:41] [Server thread/INFO] (Minecraft) [Player548: Teleported Player548_ to Player548]
[14:42:41] [Render thread/INFO] (Minecraft) [System] [CHAT] Teleported Player548_ to Player548
[14:42:41] [Server thread/INFO] (Minecraft) [Player548: Teleported Player548_ to Player548]
[14:42:41] [Render thread/INFO] (Minecraft) [System] [CHAT] Teleported Player548_ to Player548
[14:42:41] [Server thread/INFO] (Minecraft) [Player548: Teleported Player548_ to Player548]
[14:42:41] [Render thread/INFO] (Minecraft) [System] [CHAT] Teleported Player548_ to Player548
[14:42:41] [Server thread/INFO] (Minecraft) [Player548: Teleported Player548_ to Player548]
[14:42:41] [Render thread/INFO] (Minecraft) [System] [CHAT] Teleported Player548_ to Player548
[14:42:41] [Server thread/INFO] (Minecraft) [Player548: Teleported Player548_ to Player548]
[14:42:41] [Render thread/INFO] (Minecraft) [System] [CHAT] Teleported Player548_ to Player548
[14:42:42] [Server thread/INFO] (Minecraft) [Player548: Teleported Player548_ to Player548]
[14:42:42] [Render thread/INFO] (Minecraft) [System] [CHAT] Teleported Player548_ to Player548
[14:42:42] [Server thread/INFO] (Minecraft) [Player548: Teleported Player548_ to Player548]
[14:42:42] [Render thread/INFO] (Minecraft) [System] [CHAT] Teleported Player548_ to Player548
[14:42:42] [Server thread/INFO] (Minecraft) [Player548: Teleported Player548_ to Player548]
[14:42:42] [Render thread/INFO] (Minecraft) [System] [CHAT] Teleported Player548_ to Player548
[14:42:42] [Server thread/INFO] (Minecraft) [Player548: Teleported Player548_ to Player548]
[14:42:42] [Render thread/INFO] (Minecraft) [System] [CHAT] Teleported Player548_ to Player548
[14:42:42] [Server thread/INFO] (Minecraft) [Player548: Teleported Player548_ to Player548]
[14:42:42] [Render thread/INFO] (Minecraft) [System] [CHAT] Teleported Player548_ to Player548
[14:42:42] [Server thread/INFO] (Minecraft) [Player548: Teleported Player548_ to Player548]
[14:42:42] [Render thread/INFO] (Minecraft) [System] [CHAT] Teleported Player548_ to Player548
[14:42:42] [Server thread/INFO] (Minecraft) [Player548: Teleported Player548_ to Player548]
[14:42:42] [Render thread/INFO] (Minecraft) [System] [CHAT] Teleported Player548_ to Player548
[14:42:42] [Server thread/INFO] (Minecraft) [Player548: Teleported Player548_ to Player548]
[14:42:42] [Render thread/INFO] (Minecraft) [System] [CHAT] Teleported Player548_ to Player548
[14:42:42] [Server thread/INFO] (Minecraft) [Player548: Teleported Player548_ to Player548]
[14:42:42] [Render thread/INFO] (Minecraft) [System] [CHAT] Teleported Player548_ to Player548
[14:42:42] [Server thread/INFO] (Minecraft) [Player548: Teleported Player548_ to Player548]
[14:42:42] [Render thread/INFO] (Minecraft) [System] [CHAT] Teleported Player548_ to Player548
[14:42:42] [Server thread/INFO] (Minecraft) [Player548: Teleported Player548_ to Player548]
[14:42:42] [Render thread/INFO] (Minecraft) [System] [CHAT] Teleported Player548_ to Player548
[14:42:42] [Server thread/INFO] (Minecraft) [Player548: Teleported Player548_ to Player548]
[14:42:42] [Render thread/INFO] (Minecraft) [System] [CHAT] Teleported Player548_ to Player548
[14:42:42] [Server thread/INFO] (Minecraft) [Player548: Teleported Player548_ to Player548]
[14:42:42] [Render thread/INFO] (Minecraft) [System] [CHAT] Teleported Player548_ to Player548
[14:42:42] [Server thread/INFO] (Minecraft) [Player548: Teleported Player548_ to Player548]
[14:42:42] [Render thread/INFO] (Minecraft) [System] [CHAT] Teleported Player548_ to Player548
[14:42:42] [Server thread/INFO] (Minecraft) [Player548: Teleported Player548_ to Player548]
[14:42:42] [Render thread/INFO] (Minecraft) [System] [CHAT] Teleported Player548_ to Player548
[14:42:42] [Server thread/INFO] (Minecraft) [Player548: Teleported Player548_ to Player548]
[14:42:42] [Render thread/INFO] (Minecraft) [System] [CHAT] Teleported Player548_ to Player548
[14:42:42] [Server thread/INFO] (Minecraft) [Player548: Teleported Player548_ to Player548]
[14:42:42] [Render thread/INFO] (Minecraft) [System] [CHAT] Teleported Player548_ to Player548
[14:42:42] [Server thread/INFO] (Minecraft) [Player548: Teleported Player548_ to Player548]
[14:42:42] [Render thread/INFO] (Minecraft) [System] [CHAT] Teleported Player548_ to Player548
[14:42:42] [Server thread/INFO] (Minecraft) [Player548: Teleported Player548_ to Player548]
[14:42:42] [Render thread/INFO] (Minecraft) [System] [CHAT] Teleported Player548_ to Player548
[14:42:42] [Server thread/INFO] (Minecraft) [Player548: Teleported Player548_ to Player548]
[14:42:42] [Render thread/INFO] (Minecraft) [System] [CHAT] Teleported Player548_ to Player548
[14:42:43] [Server thread/INFO] (Minecraft) [Player548: Teleported Player548_ to Player548]
[14:42:43] [Render thread/INFO] (Minecraft) [System] [CHAT] Teleported Player548_ to Player548
[14:42:43] [Server thread/INFO] (Minecraft) [Player548: Teleported Player548_ to Player548]
[14:42:43] [Render thread/INFO] (Minecraft) [System] [CHAT] Teleported Player548_ to Player548
[14:42:43] [Server thread/INFO] (Minecraft) [Player548: Teleported Player548_ to Player548]
[14:42:43] [Render thread/INFO] (Minecraft) [System] [CHAT] Teleported Player548_ to Player548
[14:42:43] [Server thread/INFO] (Minecraft) [Player548: Teleported Player548_ to Player548]
[14:42:43] [Render thread/INFO] (Minecraft) [System] [CHAT] Teleported Player548_ to Player548
[14:42:43] [Server thread/INFO] (Minecraft) [Player548: Teleported Player548_ to Player548]
[14:42:43] [Render thread/INFO] (Minecraft) [System] [CHAT] Teleported Player548_ to Player548
[14:42:43] [Server thread/INFO] (Minecraft) [Player548: Teleported Player548_ to Player548]
[14:42:43] [Render thread/INFO] (Minecraft) [System] [CHAT] Teleported Player548_ to Player548
[14:42:43] [Server thread/INFO] (Minecraft) [Player548: Teleported Player548_ to Player548]
[14:42:43] [Render thread/INFO] (Minecraft) [System] [CHAT] Teleported Player548_ to Player548
[14:42:43] [Server thread/INFO] (Minecraft) [Player548: Teleported Player548_ to Player548]
[14:42:43] [Render thread/INFO] (Minecraft) [System] [CHAT] Teleported Player548_ to Player548
[14:42:43] [Server thread/INFO] (Minecraft) [Player548: Teleported Player548_ to Player548]
[14:42:43] [Render thread/INFO] (Minecraft) [System] [CHAT] Teleported Player548_ to Player548
[14:42:43] [Server thread/INFO] (Minecraft) [Player548: Teleported Player548_ to Player548]
[14:42:43] [Render thread/INFO] (Minecraft) [System] [CHAT] Teleported Player548_ to Player548
[14:42:43] [Server thread/INFO] (Minecraft) [Player548: Teleported Player548_ to Player548]
[14:42:43] [Render thread/INFO] (Minecraft) [System] [CHAT] Teleported Player548_ to Player548
[14:42:43] [Server thread/INFO] (Minecraft) [Player548: Teleported Player548_ to Player548]
[14:42:43] [Render thread/INFO] (Minecraft) [System] [CHAT] Teleported Player548_ to Player548
[14:42:43] [Server thread/INFO] (Minecraft) [Player548: Teleported Player548_ to Player548]
[14:42:43] [Render thread/INFO] (Minecraft) [System] [CHAT] Teleported Player548_ to Player548
[14:42:43] [Server thread/INFO] (Minecraft) [Player548: Teleported Player548_ to Player548]
[14:42:43] [Render thread/INFO] (Minecraft) [System] [CHAT] Teleported Player548_ to Player548
[14:42:43] [Server thread/INFO] (Minecraft) [Player548: Teleported Player548_ to Player548]
[14:42:43] [Render thread/INFO] (Minecraft) [System] [CHAT] Teleported Player548_ to Player548
[14:42:43] [Server thread/INFO] (Minecraft) [Player548: Teleported Player548_ to Player548]
[14:42:43] [Render thread/INFO] (Minecraft) [System] [CHAT] Teleported Player548_ to Player548
[14:42:43] [Server thread/INFO] (Minecraft) [Player548: Teleported Player548_ to Player548]
[14:42:43] [Render thread/INFO] (Minecraft) [System] [CHAT] Teleported Player548_ to Player548
[14:42:43] [Server thread/INFO] (Minecraft) [Player548: Teleported Player548_ to Player548]
[14:42:43] [Render thread/INFO] (Minecraft) [System] [CHAT] Teleported Player548_ to Player548
[14:42:43] [Server thread/INFO] (Minecraft) [Player548: Teleported Player548_ to Player548]
[14:42:43] [Render thread/INFO] (Minecraft) [System] [CHAT] Teleported Player548_ to Player548
[14:42:43] [Server thread/INFO] (Minecraft) [Player548: Teleported Player548_ to Player548]
[14:42:43] [Render thread/INFO] (Minecraft) [System] [CHAT] Teleported Player548_ to Player548
[14:42:44] [Server thread/INFO] (Minecraft) [Player548: Teleported Player548_ to Player548]
[14:42:44] [Render thread/INFO] (Minecraft) [System] [CHAT] Teleported Player548_ to Player548
[14:42:44] [Server thread/INFO] (Minecraft) [Player548: Teleported Player548_ to Player548]
[14:42:44] [Render thread/INFO] (Minecraft) [System] [CHAT] Teleported Player548_ to Player548
[14:42:44] [Server thread/INFO] (Minecraft) [Player548: Teleported Player548_ to Player548]
[14:42:44] [Render thread/INFO] (Minecraft) [System] [CHAT] Teleported Player548_ to Player548
[14:42:44] [Server thread/INFO] (Minecraft) [Player548: Teleported Player548_ to Player548]
[14:42:44] [Render thread/INFO] (Minecraft) [System] [CHAT] Teleported Player548_ to Player548
[14:42:44] [Server thread/INFO] (Minecraft) [Player548: Teleported Player548_ to Player548]
[14:42:44] [Render thread/INFO] (Minecraft) [System] [CHAT] Teleported Player548_ to Player548
[14:42:44] [Server thread/INFO] (Minecraft) [Player548: Teleported Player548_ to Player548]
[14:42:44] [Render thread/INFO] (Minecraft) [System] [CHAT] Teleported Player548_ to Player548
[14:42:44] [Server thread/INFO] (Minecraft) [Player548: Teleported Player548_ to Player548]
[14:42:44] [Render thread/INFO] (Minecraft) [System] [CHAT] Teleported Player548_ to Player548
[14:42:44] [Server thread/INFO] (Minecraft) [Player548: Teleported Player548_ to Player548]
[14:42:44] [Render thread/INFO] (Minecraft) [System] [CHAT] Teleported Player548_ to Player548
[14:42:44] [Server thread/INFO] (Minecraft) [Player548: Teleported Player548_ to Player548]
[14:42:44] [Render thread/INFO] (Minecraft) [System] [CHAT] Teleported Player548_ to Player548
[14:42:44] [Server thread/INFO] (Minecraft) [Player548: Teleported Player548_ to Player548]
[14:42:44] [Render thread/INFO] (Minecraft) [System] [CHAT] Teleported Player548_ to Player548
[14:42:44] [Server thread/INFO] (Minecraft) [Player548: Teleported Player548_ to Player548]
[14:42:44] [Render thread/INFO] (Minecraft) [System] [CHAT] Teleported Player548_ to Player548
[14:42:44] [Server thread/INFO] (Minecraft) [Player548: Teleported Player548_ to Player548]
[14:42:44] [Render thread/INFO] (Minecraft) [System] [CHAT] Teleported Player548_ to Player548
[14:42:44] [Server thread/INFO] (Minecraft) [Player548: Teleported Player548_ to Player548]
[14:42:44] [Render thread/INFO] (Minecraft) [System] [CHAT] Teleported Player548_ to Player548
[14:42:44] [Server thread/INFO] (Minecraft) [Player548: Teleported Player548_ to Player548]
[14:42:44] [Render thread/INFO] (Minecraft) [System] [CHAT] Teleported Player548_ to Player548
[14:42:44] [Server thread/INFO] (Minecraft) [Player548: Teleported Player548_ to Player548]
[14:42:44] [Render thread/INFO] (Minecraft) [System] [CHAT] Teleported Player548_ to Player548
[14:42:44] [Server thread/INFO] (Minecraft) [Player548: Teleported Player548_ to Player548]
[14:42:44] [Render thread/INFO] (Minecraft) [System] [CHAT] Teleported Player548_ to Player548
[14:42:44] [Server thread/INFO] (Minecraft) [Player548: Teleported Player548_ to Player548]
[14:42:44] [Render thread/INFO] (Minecraft) [System] [CHAT] Teleported Player548_ to Player548
[14:42:44] [Server thread/INFO] (Minecraft) [Player548: Teleported Player548_ to Player548]
[14:42:44] [Render thread/INFO] (Minecraft) [System] [CHAT] Teleported Player548_ to Player548
[14:42:44] [Server thread/INFO] (Minecraft) [Player548: Teleported Player548_ to Player548]
[14:42:44] [Render thread/INFO] (Minecraft) [System] [CHAT] Teleported Player548_ to Player548
[14:42:44] [Server thread/INFO] (Minecraft) [Player548: Teleported Player548_ to Player548]
[14:42:44] [Render thread/INFO] (Minecraft) [System] [CHAT] Teleported Player548_ to Player548
[14:42:45] [Server thread/INFO] (Minecraft) [Player548: Teleported Player548_ to Player548]
[14:42:45] [Render thread/INFO] (Minecraft) [System] [CHAT] Teleported Player548_ to Player548
[14:42:45] [Server thread/INFO] (Minecraft) [Player548: Teleported Player548_ to Player548]
[14:42:45] [Render thread/INFO] (Minecraft) [System] [CHAT] Teleported Player548_ to Player548
[14:42:45] [Server thread/INFO] (Minecraft) [Player548: Teleported Player548_ to Player548]
[14:42:45] [Render thread/INFO] (Minecraft) [System] [CHAT] Teleported Player548_ to Player548
[14:42:45] [Server thread/INFO] (Minecraft) [Player548: Teleported Player548_ to Player548]
[14:42:45] [Render thread/INFO] (Minecraft) [System] [CHAT] Teleported Player548_ to Player548
[14:42:45] [Server thread/INFO] (Minecraft) [Player548: Teleported Player548_ to Player548]
[14:42:45] [Render thread/INFO] (Minecraft) [System] [CHAT] Teleported Player548_ to Player548
[14:42:45] [Server thread/INFO] (Minecraft) [Player548: Teleported Player548_ to Player548]
[14:42:45] [Render thread/INFO] (Minecraft) [System] [CHAT] Teleported Player548_ to Player548
[14:42:45] [Server thread/INFO] (Minecraft) [Player548: Teleported Player548_ to Player548]
[14:42:45] [Render thread/INFO] (Minecraft) [System] [CHAT] Teleported Player548_ to Player548
[14:42:45] [Server thread/INFO] (Minecraft) [Player548: Teleported Player548_ to Player548]
[14:42:45] [Render thread/INFO] (Minecraft) [System] [CHAT] Teleported Player548_ to Player548
[14:42:45] [Server thread/INFO] (Minecraft) [Player548: Teleported Player548_ to Player548]
[14:42:45] [Render thread/INFO] (Minecraft) [System] [CHAT] Teleported Player548_ to Player548
[14:42:45] [Server thread/INFO] (Minecraft) [Player548: Teleported Player548_ to Player548]
[14:42:45] [Render thread/INFO] (Minecraft) [System] [CHAT] Teleported Player548_ to Player548
[14:42:45] [Server thread/INFO] (Minecraft) [Player548: Teleported Player548_ to Player548]
[14:42:45] [Render thread/INFO] (Minecraft) [System] [CHAT] Teleported Player548_ to Player548
[14:42:45] [Server thread/INFO] (Minecraft) [Player548: Teleported Player548_ to Player548]
[14:42:45] [Render thread/INFO] (Minecraft) [System] [CHAT] Teleported Player548_ to Player548
[14:42:45] [Server thread/INFO] (Minecraft) [Player548: Teleported Player548_ to Player548]
[14:42:45] [Render thread/INFO] (Minecraft) [System] [CHAT] Teleported Player548_ to Player548
[14:42:45] [Server thread/INFO] (Minecraft) [Player548: Teleported Player548_ to Player548]
[14:42:45] [Render thread/INFO] (Minecraft) [System] [CHAT] Teleported Player548_ to Player548
[14:42:45] [Server thread/INFO] (Minecraft) [Player548: Teleported Player548_ to Player548]
[14:42:45] [Render thread/INFO] (Minecraft) [System] [CHAT] Teleported Player548_ to Player548
[14:42:45] [Server thread/INFO] (Minecraft) [Player548: Teleported Player548_ to Player548]
[14:42:45] [Render thread/INFO] (Minecraft) [System] [CHAT] Teleported Player548_ to Player548
[14:42:45] [Server thread/INFO] (Minecraft) [Player548: Teleported Player548_ to Player548]
[14:42:45] [Render thread/INFO] (Minecraft) [System] [CHAT] Teleported Player548_ to Player548
[14:42:45] [Server thread/INFO] (Minecraft) [Player548: Teleported Player548_ to Player548]
[14:42:45] [Render thread/INFO] (Minecraft) [System] [CHAT] Teleported Player548_ to Player548
[14:42:45] [Server thread/INFO] (Minecraft) [Player548: Teleported Player548_ to Player548]
[14:42:45] [Render thread/INFO] (Minecraft) [System] [CHAT] Teleported Player548_ to Player548
[14:42:45] [Server thread/INFO] (Minecraft) [Player548: Teleported Player548_ to Player548]
[14:42:45] [Render thread/INFO] (Minecraft) [System] [CHAT] Teleported Player548_ to Player548
[14:42:46] [Server thread/INFO] (Minecraft) [Player548: Teleported Player548_ to Player548]
[14:42:46] [Render thread/INFO] (Minecraft) [System] [CHAT] Teleported Player548_ to Player548
[14:42:46] [Server thread/INFO] (Minecraft) [Player548: Teleported Player548_ to Player548]
[14:42:46] [Render thread/INFO] (Minecraft) [System] [CHAT] Teleported Player548_ to Player548
[14:42:46] [Server thread/INFO] (Minecraft) [Player548: Teleported Player548_ to Player548]
[14:42:46] [Render thread/INFO] (Minecraft) [System] [CHAT] Teleported Player548_ to Player548
[14:42:46] [Server thread/INFO] (Minecraft) [Player548: Teleported Player548_ to Player548]
[14:42:46] [Render thread/INFO] (Minecraft) [System] [CHAT] Teleported Player548_ to Player548
[14:42:46] [Server thread/INFO] (Minecraft) [Player548: Teleported Player548_ to Player548]
[14:42:46] [Render thread/INFO] (Minecraft) [System] [CHAT] Teleported Player548_ to Player548
[14:42:46] [Server thread/INFO] (Minecraft) [Player548: Teleported Player548_ to Player548]
[14:42:46] [Render thread/INFO] (Minecraft) [System] [CHAT] Teleported Player548_ to Player548
[14:42:46] [Server thread/INFO] (Minecraft) [Player548: Teleported Player548_ to Player548]
[14:42:46] [Render thread/INFO] (Minecraft) [System] [CHAT] Teleported Player548_ to Player548
[14:42:46] [Server thread/INFO] (Minecraft) [Player548: Teleported Player548_ to Player548]
[14:42:46] [Render thread/INFO] (Minecraft) [System] [CHAT] Teleported Player548_ to Player548
[14:42:46] [Server thread/INFO] (Minecraft) [Player548: Teleported Player548_ to Player548]
[14:42:46] [Render thread/INFO] (Minecraft) [System] [CHAT] Teleported Player548_ to Player548
[14:42:46] [Server thread/INFO] (Minecraft) [Player548: Teleported Player548_ to Player548]
[14:42:46] [Render thread/INFO] (Minecraft) [System] [CHAT] Teleported Player548_ to Player548
[14:42:46] [Server thread/INFO] (Minecraft) [Player548: Teleported Player548_ to Player548]
[14:42:46] [Render thread/INFO] (Minecraft) [System] [CHAT] Teleported Player548_ to Player548
[14:42:46] [Server thread/INFO] (Minecraft) [Player548: Teleported Player548_ to Player548]
[14:42:46] [Render thread/INFO] (Minecraft) [System] [CHAT] Teleported Player548_ to Player548
[14:42:46] [Server thread/INFO] (Minecraft) [Player548: Teleported Player548_ to Player548]
[14:42:46] [Render thread/INFO] (Minecraft) [System] [CHAT] Teleported Player548_ to Player548
[14:42:46] [Server thread/INFO] (Minecraft) [Player548: Teleported Player548_ to Player548]
[14:42:46] [Render thread/INFO] (Minecraft) [System] [CHAT] Teleported Player548_ to Player548
[14:42:46] [Server thread/INFO] (Minecraft) [Player548: Teleported Player548_ to Player548]
[14:42:46] [Render thread/INFO] (Minecraft) [System] [CHAT] Teleported Player548_ to Player548
[14:42:46] [Server thread/INFO] (Minecraft) [Player548: Teleported Player548_ to Player548]
[14:42:46] [Render thread/INFO] (Minecraft) [System] [CHAT] Teleported Player548_ to Player548
[14:42:46] [Server thread/INFO] (Minecraft) [Player548: Teleported Player548_ to Player548]
[14:42:46] [Render thread/INFO] (Minecraft) [System] [CHAT] Teleported Player548_ to Player548
[14:42:46] [Server thread/INFO] (Minecraft) [Player548: Teleported Player548_ to Player548]
[14:42:46] [Render thread/INFO] (Minecraft) [System] [CHAT] Teleported Player548_ to Player548
[14:42:46] [Server thread/INFO] (Minecraft) [Player548: Teleported Player548_ to Player548]
[14:42:46] [Render thread/INFO] (Minecraft) [System] [CHAT] Teleported Player548_ to Player548
[14:42:46] [Server thread/INFO] (Minecraft) [Player548: Teleported Player548_ to Player548]
[14:42:46] [Render thread/INFO] (Minecraft) [System] [CHAT] Teleported Player548_ to Player548
[14:42:47] [Server thread/INFO] (Minecraft) [Player548: Teleported Player548_ to Player548]
[14:42:47] [Render thread/INFO] (Minecraft) [System] [CHAT] Teleported Player548_ to Player548
[14:42:47] [Server thread/INFO] (Minecraft) [Player548: Teleported Player548_ to Player548]
[14:42:47] [Render thread/INFO] (Minecraft) [System] [CHAT] Teleported Player548_ to Player548
[14:42:47] [Server thread/INFO] (Minecraft) [Player548: Teleported Player548_ to Player548]
[14:42:47] [Render thread/INFO] (Minecraft) [System] [CHAT] Teleported Player548_ to Player548
[14:42:47] [Server thread/INFO] (Minecraft) [Player548: Teleported Player548_ to Player548]
[14:42:47] [Render thread/INFO] (Minecraft) [System] [CHAT] Teleported Player548_ to Player548
[14:42:47] [Server thread/INFO] (Minecraft) [Player548: Teleported Player548_ to Player548]
[14:42:47] [Render thread/INFO] (Minecraft) [System] [CHAT] Teleported Player548_ to Player548
[14:42:47] [Server thread/INFO] (Minecraft) [Player548: Teleported Player548_ to Player548]
[14:42:47] [Render thread/INFO] (Minecraft) [System] [CHAT] Teleported Player548_ to Player548
[14:42:47] [Server thread/INFO] (Minecraft) [Player548: Teleported Player548_ to Player548]
[14:42:47] [Render thread/INFO] (Minecraft) [System] [CHAT] Teleported Player548_ to Player548
[14:42:47] [Server thread/INFO] (Minecraft) [Player548: Teleported Player548_ to Player548]
[14:42:47] [Render thread/INFO] (Minecraft) [System] [CHAT] Teleported Player548_ to Player548
[14:42:47] [Server thread/INFO] (Minecraft) Named entity Wolf['Player264_'/10, l='ServerLevel[New World]', x=-281.10, y=-60.00, z=223.37] died: Player264_ was killed
[14:42:47] [Server thread/INFO] (Minecraft) Named entity Wolf['Player264_'/11, l='ServerLevel[New World]', x=-276.80, y=-60.00, z=222.39] died: Player264_ was killed
[14:42:47] [Server thread/INFO] (Minecraft) Named entity Wolf['Player548_'/39, l='ServerLevel[New World]', x=-296.93, y=-60.00, z=241.30] died: Player548_ was killed
[14:42:47] [Server thread/INFO] (Minecraft) [Player548: Killed 3 entities]
[14:42:47] [Render thread/INFO] (Minecraft) [System] [CHAT] Killed 3 entities
[14:42:50] [Render thread/INFO] (Minecraft) [System] [CHAT] Done!
[14:42:50] [Server thread/INFO] (Minecraft) [Player548: Summoned new Player548_]
[14:42:50] [Render thread/INFO] (Minecraft) [System] [CHAT] Summoned new Player548_
[14:42:50] [Server thread/INFO] (Minecraft) [Player548: Teleported Player548_ to Player548]
[14:42:50] [Render thread/INFO] (Minecraft) [System] [CHAT] Teleported Player548_ to Player548
[14:42:50] [Server thread/INFO] (Minecraft) [Player548: Teleported Player548_ to Player548]
[14:42:50] [Render thread/INFO] (Minecraft) [System] [CHAT] Teleported Player548_ to Player548
[14:42:50] [Server thread/INFO] (Minecraft) [Player548: Teleported Player548_ to Player548]
[14:42:50] [Render thread/INFO] (Minecraft) [System] [CHAT] Teleported Player548_ to Player548
[14:42:50] [Server thread/INFO] (Minecraft) [Player548: Teleported Player548_ to Player548]
[14:42:50] [Render thread/INFO] (Minecraft) [System] [CHAT] Teleported Player548_ to Player548
[14:42:50] [Server thread/INFO] (Minecraft) [Player548: Teleported Player548_ to Player548]
[14:42:50] [Render thread/INFO] (Minecraft) [System] [CHAT] Teleported Player548_ to Player548
[14:42:51] [Server thread/INFO] (Minecraft) [Player548: Teleported Player548_ to Player548]
[14:42:51] [Render thread/INFO] (Minecraft) [System] [CHAT] Teleported Player548_ to Player548
[14:42:51] [Server thread/INFO] (Minecraft) [Player548: Teleported Player548_ to Player548]
[14:42:51] [Render thread/INFO] (Minecraft) [System] [CHAT] Teleported Player548_ to Player548
[14:42:51] [Server thread/INFO] (Minecraft) [Player548: Teleported Player548_ to Player548]
[14:42:51] [Render thread/INFO] (Minecraft) [System] [CHAT] Teleported Player548_ to Player548
[14:42:51] [Server thread/INFO] (Minecraft) [Player548: Teleported Player548_ to Player548]
[14:42:51] [Render thread/INFO] (Minecraft) [System] [CHAT] Teleported Player548_ to Player548
[14:42:51] [Server thread/INFO] (Minecraft) [Player548: Teleported Player548_ to Player548]
[14:42:51] [Render thread/INFO] (Minecraft) [System] [CHAT] Teleported Player548_ to Player548
[14:42:51] [Server thread/INFO] (Minecraft) [Player548: Teleported Player548_ to Player548]
[14:42:51] [Render thread/INFO] (Minecraft) [System] [CHAT] Teleported Player548_ to Player548
[14:42:51] [Server thread/INFO] (Minecraft) [Player548: Teleported Player548_ to Player548]
[14:42:51] [Render thread/INFO] (Minecraft) [System] [CHAT] Teleported Player548_ to Player548
[14:42:51] [Server thread/INFO] (Minecraft) [Player548: Teleported Player548_ to Player548]
[14:42:51] [Render thread/INFO] (Minecraft) [System] [CHAT] Teleported Player548_ to Player548
[14:42:51] [Server thread/INFO] (Minecraft) [Player548: Teleported Player548_ to Player548]
[14:42:51] [Render thread/INFO] (Minecraft) [System] [CHAT] Teleported Player548_ to Player548
[14:42:51] [Server thread/INFO] (Minecraft) [Player548: Teleported Player548_ to Player548]
[14:42:51] [Render thread/INFO] (Minecraft) [System] [CHAT] Teleported Player548_ to Player548
[14:42:51] [Server thread/INFO] (Minecraft) [Player548: Teleported Player548_ to Player548]
[14:42:51] [Render thread/INFO] (Minecraft) [System] [CHAT] Teleported Player548_ to Player548
[14:42:51] [Server thread/INFO] (Minecraft) [Player548: Teleported Player548_ to Player548]
[14:42:51] [Render thread/INFO] (Minecraft) [System] [CHAT] Teleported Player548_ to Player548
[14:42:51] [Server thread/INFO] (Minecraft) [Player548: Teleported Player548_ to Player548]
[14:42:51] [Render thread/INFO] (Minecraft) [System] [CHAT] Teleported Player548_ to Player548
[14:42:51] [Server thread/INFO] (Minecraft) [Player548: Teleported Player548_ to Player548]
[14:42:51] [Render thread/INFO] (Minecraft) [System] [CHAT] Teleported Player548_ to Player548
[14:42:51] [Server thread/INFO] (Minecraft) [Player548: Teleported Player548_ to Player548]
[14:42:51] [Render thread/INFO] (Minecraft) [System] [CHAT] Teleported Player548_ to Player548
[14:42:51] [Server thread/INFO] (Minecraft) [Player548: Teleported Player548_ to Player548]
[14:42:51] [Render thread/INFO] (Minecraft) [System] [CHAT] Teleported Player548_ to Player548
[14:42:51] [Server thread/INFO] (Minecraft) [Player548: Teleported Player548_ to Player548]
[14:42:51] [Render thread/INFO] (Minecraft) [System] [CHAT] Teleported Player548_ to Player548
[14:42:51] [Server thread/INFO] (Minecraft) [Player548: Teleported Player548_ to Player548]
[14:42:51] [Render thread/INFO] (Minecraft) [System] [CHAT] Teleported Player548_ to Player548
[14:42:51] [Server thread/INFO] (Minecraft) [Player548: Teleported Player548_ to Player548]
[14:42:51] [Render thread/INFO] (Minecraft) [System] [CHAT] Teleported Player548_ to Player548
[14:42:51] [Server thread/INFO] (Minecraft) [Player548: Teleported Player548_ to Player548]
[14:42:51] [Render thread/INFO] (Minecraft) [System] [CHAT] Teleported Player548_ to Player548
[14:42:52] [Server thread/INFO] (Minecraft) [Player548: Teleported Player548_ to Player548]
[14:42:52] [Render thread/INFO] (Minecraft) [System] [CHAT] Teleported Player548_ to Player548
[14:42:52] [Server thread/INFO] (Minecraft) [Player548: Teleported Player548_ to Player548]
[14:42:52] [Render thread/INFO] (Minecraft) [System] [CHAT] Teleported Player548_ to Player548
[14:42:52] [Server thread/INFO] (Minecraft) [Player548: Teleported Player548_ to Player548]
[14:42:52] [Render thread/INFO] (Minecraft) [System] [CHAT] Teleported Player548_ to Player548
[14:42:52] [Server thread/INFO] (Minecraft) [Player548: Teleported Player548_ to Player548]
[14:42:52] [Render thread/INFO] (Minecraft) [System] [CHAT] Teleported Player548_ to Player548
[14:42:52] [Server thread/INFO] (Minecraft) [Player548: Teleported Player548_ to Player548]
[14:42:52] [Render thread/INFO] (Minecraft) [System] [CHAT] Teleported Player548_ to Player548
[14:42:52] [Server thread/INFO] (Minecraft) [Player548: Teleported Player548_ to Player548]
[14:42:52] [Render thread/INFO] (Minecraft) [System] [CHAT] Teleported Player548_ to Player548
[14:42:52] [Server thread/INFO] (Minecraft) [Player548: Teleported Player548_ to Player548]
[14:42:52] [Render thread/INFO] (Minecraft) [System] [CHAT] Teleported Player548_ to Player548
[14:42:52] [Server thread/INFO] (Minecraft) [Player548: Teleported Player548_ to Player548]
[14:42:52] [Render thread/INFO] (Minecraft) [System] [CHAT] Teleported Player548_ to Player548
[14:42:52] [Server thread/INFO] (Minecraft) [Player548: Teleported Player548_ to Player548]
[14:42:52] [Render thread/INFO] (Minecraft) [System] [CHAT] Teleported Player548_ to Player548
[14:42:52] [Server thread/INFO] (Minecraft) [Player548: Teleported Player548_ to Player548]
[14:42:52] [Render thread/INFO] (Minecraft) [System] [CHAT] Teleported Player548_ to Player548
[14:42:52] [Server thread/INFO] (Minecraft) [Player548: Teleported Player548_ to Player548]
[14:42:52] [Render thread/INFO] (Minecraft) [System] [CHAT] Teleported Player548_ to Player548
[14:42:52] [Server thread/INFO] (Minecraft) [Player548: Teleported Player548_ to Player548]
[14:42:52] [Render thread/INFO] (Minecraft) [System] [CHAT] Teleported Player548_ to Player548
[14:42:52] [Server thread/INFO] (Minecraft) [Player548: Teleported Player548_ to Player548]
[14:42:52] [Render thread/INFO] (Minecraft) [System] [CHAT] Teleported Player548_ to Player548
[14:42:52] [Server thread/INFO] (Minecraft) [Player548: Teleported Player548_ to Player548]
[14:42:52] [Render thread/INFO] (Minecraft) [System] [CHAT] Teleported Player548_ to Player548
[14:42:52] [Server thread/INFO] (Minecraft) [Player548: Teleported Player548_ to Player548]
[14:42:52] [Render thread/INFO] (Minecraft) [System] [CHAT] Teleported Player548_ to Player548
[14:42:52] [Server thread/INFO] (Minecraft) [Player548: Teleported Player548_ to Player548]
[14:42:52] [Render thread/INFO] (Minecraft) [System] [CHAT] Teleported Player548_ to Player548
[14:42:52] [Server thread/INFO] (Minecraft) [Player548: Teleported Player548_ to Player548]
[14:42:52] [Render thread/INFO] (Minecraft) [System] [CHAT] Teleported Player548_ to Player548
[14:42:52] [Server thread/INFO] (Minecraft) [Player548: Teleported Player548_ to Player548]
[14:42:52] [Render thread/INFO] (Minecraft) [System] [CHAT] Teleported Player548_ to Player548
[14:42:52] [Server thread/INFO] (Minecraft) [Player548: Teleported Player548_ to Player548]
[14:42:52] [Render thread/INFO] (Minecraft) [System] [CHAT] Teleported Player548_ to Player548
[14:42:52] [Server thread/INFO] (Minecraft) [Player548: Teleported Player548_ to Player548]
[14:42:52] [Render thread/INFO] (Minecraft) [System] [CHAT] Teleported Player548_ to Player548
[14:42:53] [Server thread/INFO] (Minecraft) [Player548: Teleported Player548_ to Player548]
[14:42:53] [Render thread/INFO] (Minecraft) [System] [CHAT] Teleported Player548_ to Player548
[14:42:53] [Server thread/INFO] (Minecraft) [Player548: Teleported Player548_ to Player548]
[14:42:53] [Render thread/INFO] (Minecraft) [System] [CHAT] Teleported Player548_ to Player548
[14:42:53] [Server thread/INFO] (Minecraft) [Player548: Teleported Player548_ to Player548]
[14:42:53] [Render thread/INFO] (Minecraft) [System] [CHAT] Teleported Player548_ to Player548
[14:42:53] [Server thread/INFO] (Minecraft) [Player548: Teleported Player548_ to Player548]
[14:42:53] [Render thread/INFO] (Minecraft) [System] [CHAT] Teleported Player548_ to Player548
[14:42:53] [Server thread/INFO] (Minecraft) [Player548: Teleported Player548_ to Player548]
[14:42:53] [Render thread/INFO] (Minecraft) [System] [CHAT] Teleported Player548_ to Player548
[14:42:53] [Server thread/INFO] (Minecraft) [Player548: Teleported Player548_ to Player548]
[14:42:53] [Render thread/INFO] (Minecraft) [System] [CHAT] Teleported Player548_ to Player548
[14:42:53] [Server thread/INFO] (Minecraft) [Player548: Teleported Player548_ to Player548]
[14:42:53] [Render thread/INFO] (Minecraft) [System] [CHAT] Teleported Player548_ to Player548
[14:42:53] [Server thread/INFO] (Minecraft) [Player548: Teleported Player548_ to Player548]
[14:42:53] [Render thread/INFO] (Minecraft) [System] [CHAT] Teleported Player548_ to Player548
[14:42:53] [Server thread/INFO] (Minecraft) [Player548: Teleported Player548_ to Player548]
[14:42:53] [Render thread/INFO] (Minecraft) [System] [CHAT] Teleported Player548_ to Player548
[14:42:53] [Server thread/INFO] (Minecraft) [Player548: Teleported Player548_ to Player548]
[14:42:53] [Render thread/INFO] (Minecraft) [System] [CHAT] Teleported Player548_ to Player548
[14:42:53] [Server thread/INFO] (Minecraft) [Player548: Teleported Player548_ to Player548]
[14:42:53] [Render thread/INFO] (Minecraft) [System] [CHAT] Teleported Player548_ to Player548
[14:42:53] [Server thread/INFO] (Minecraft) [Player548: Teleported Player548_ to Player548]
[14:42:53] [Render thread/INFO] (Minecraft) [System] [CHAT] Teleported Player548_ to Player548
[14:42:53] [Server thread/INFO] (Minecraft) [Player548: Teleported Player548_ to Player548]
[14:42:53] [Render thread/INFO] (Minecraft) [System] [CHAT] Teleported Player548_ to Player548
[14:42:53] [Server thread/INFO] (Minecraft) [Player548: Teleported Player548_ to Player548]
[14:42:53] [Render thread/INFO] (Minecraft) [System] [CHAT] Teleported Player548_ to Player548
[14:42:53] [Server thread/INFO] (Minecraft) [Player548: Teleported Player548_ to Player548]
[14:42:53] [Render thread/INFO] (Minecraft) [System] [CHAT] Teleported Player548_ to Player548
[14:42:53] [Server thread/INFO] (Minecraft) [Player548: Teleported Player548_ to Player548]
[14:42:53] [Render thread/INFO] (Minecraft) [System] [CHAT] Teleported Player548_ to Player548
[14:42:53] [Server thread/INFO] (Minecraft) [Player548: Teleported Player548_ to Player548]
[14:42:53] [Render thread/INFO] (Minecraft) [System] [CHAT] Teleported Player548_ to Player548
[14:42:53] [Server thread/INFO] (Minecraft) [Player548: Teleported Player548_ to Player548]
[14:42:53] [Render thread/INFO] (Minecraft) [System] [CHAT] Teleported Player548_ to Player548
[14:42:53] [Server thread/INFO] (Minecraft) [Player548: Teleported Player548_ to Player548]
[14:42:53] [Render thread/INFO] (Minecraft) [System] [CHAT] Teleported Player548_ to Player548
[14:42:53] [Server thread/INFO] (Minecraft) [Player548: Teleported Player548_ to Player548]
[14:42:53] [Render thread/INFO] (Minecraft) [System] [CHAT] Teleported Player548_ to Player548
[14:42:54] [Server thread/INFO] (Minecraft) [Player548: Teleported Player548_ to Player548]
[14:42:54] [Render thread/INFO] (Minecraft) [System] [CHAT] Teleported Player548_ to Player548
[14:42:54] [Server thread/INFO] (Minecraft) [Player548: Teleported Player548_ to Player548]
[14:42:54] [Render thread/INFO] (Minecraft) [System] [CHAT] Teleported Player548_ to Player548
[14:42:54] [Server thread/INFO] (Minecraft) [Player548: Teleported Player548_ to Player548]
[14:42:54] [Render thread/INFO] (Minecraft) [System] [CHAT] Teleported Player548_ to Player548
[14:42:54] [Server thread/INFO] (Minecraft) [Player548: Teleported Player548_ to Player548]
[14:42:54] [Render thread/INFO] (Minecraft) [System] [CHAT] Teleported Player548_ to Player548
[14:42:54] [Server thread/INFO] (Minecraft) [Player548: Teleported Player548_ to Player548]
[14:42:54] [Render thread/INFO] (Minecraft) [System] [CHAT] Teleported Player548_ to Player548
[14:42:54] [Server thread/INFO] (Minecraft) [Player548: Teleported Player548_ to Player548]
[14:42:54] [Render thread/INFO] (Minecraft) [System] [CHAT] Teleported Player548_ to Player548
[14:42:54] [Server thread/INFO] (Minecraft) [Player548: Teleported Player548_ to Player548]
[14:42:54] [Render thread/INFO] (Minecraft) [System] [CHAT] Teleported Player548_ to Player548
[14:42:54] [Server thread/INFO] (Minecraft) [Player548: Teleported Player548_ to Player548]
[14:42:54] [Render thread/INFO] (Minecraft) [System] [CHAT] Teleported Player548_ to Player548
[14:42:54] [Server thread/INFO] (Minecraft) [Player548: Teleported Player548_ to Player548]
[14:42:54] [Render thread/INFO] (Minecraft) [System] [CHAT] Teleported Player548_ to Player548
[14:42:54] [Server thread/INFO] (Minecraft) [Player548: Teleported Player548_ to Player548]
[14:42:54] [Render thread/INFO] (Minecraft) [System] [CHAT] Teleported Player548_ to Player548
[14:42:54] [Server thread/INFO] (Minecraft) [Player548: Teleported Player548_ to Player548]
[14:42:54] [Render thread/INFO] (Minecraft) [System] [CHAT] Teleported Player548_ to Player548
[14:42:54] [Server thread/INFO] (Minecraft) [Player548: Teleported Player548_ to Player548]
[14:42:54] [Render thread/INFO] (Minecraft) [System] [CHAT] Teleported Player548_ to Player548
[14:42:54] [Server thread/INFO] (Minecraft) [Player548: Teleported Player548_ to Player548]
[14:42:54] [Render thread/INFO] (Minecraft) [System] [CHAT] Teleported Player548_ to Player548
[14:42:54] [Server thread/INFO] (Minecraft) [Player548: Teleported Player548_ to Player548]
[14:42:54] [Render thread/INFO] (Minecraft) [System] [CHAT] Teleported Player548_ to Player548
[14:42:54] [Server thread/INFO] (Minecraft) [Player548: Teleported Player548_ to Player548]
[14:42:54] [Render thread/INFO] (Minecraft) [System] [CHAT] Teleported Player548_ to Player548
[14:42:54] [Server thread/INFO] (Minecraft) [Player548: Teleported Player548_ to Player548]
[14:42:54] [Render thread/INFO] (Minecraft) [System] [CHAT] Teleported Player548_ to Player548
[14:42:54] [Server thread/INFO] (Minecraft) [Player548: Teleported Player548_ to Player548]
[14:42:54] [Render thread/INFO] (Minecraft) [System] [CHAT] Teleported Player548_ to Player548
[14:42:54] [Server thread/INFO] (Minecraft) [Player548: Teleported Player548_ to Player548]
[14:42:54] [Render thread/INFO] (Minecraft) [System] [CHAT] Teleported Player548_ to Player548
[14:42:54] [Server thread/INFO] (Minecraft) [Player548: Teleported Player548_ to Player548]
[14:42:54] [Render thread/INFO] (Minecraft) [System] [CHAT] Teleported Player548_ to Player548
[14:42:54] [Server thread/INFO] (Minecraft) [Player548: Teleported Player548_ to Player548]
[14:42:54] [Render thread/INFO] (Minecraft) [System] [CHAT] Teleported Player548_ to Player548
[14:42:55] [Server thread/INFO] (Minecraft) [Player548: Teleported Player548_ to Player548]
[14:42:55] [Render thread/INFO] (Minecraft) [System] [CHAT] Teleported Player548_ to Player548
[14:42:55] [Server thread/INFO] (Minecraft) [Player548: Teleported Player548_ to Player548]
[14:42:55] [Render thread/INFO] (Minecraft) [System] [CHAT] Teleported Player548_ to Player548
[14:42:55] [Server thread/INFO] (Minecraft) [Player548: Teleported Player548_ to Player548]
[14:42:55] [Render thread/INFO] (Minecraft) [System] [CHAT] Teleported Player548_ to Player548
[14:42:55] [Server thread/INFO] (Minecraft) [Player548: Teleported Player548_ to Player548]
[14:42:55] [Render thread/INFO] (Minecraft) [System] [CHAT] Teleported Player548_ to Player548
[14:42:55] [Server thread/INFO] (Minecraft) [Player548: Teleported Player548_ to Player548]
[14:42:55] [Render thread/INFO] (Minecraft) [System] [CHAT] Teleported Player548_ to Player548
[14:42:55] [Server thread/INFO] (Minecraft) [Player548: Teleported Player548_ to Player548]
[14:42:55] [Render thread/INFO] (Minecraft) [System] [CHAT] Teleported Player548_ to Player548
[14:42:55] [Server thread/INFO] (Minecraft) [Player548: Teleported Player548_ to Player548]
[14:42:55] [Render thread/INFO] (Minecraft) [System] [CHAT] Teleported Player548_ to Player548
[14:42:55] [Server thread/INFO] (Minecraft) [Player548: Teleported Player548_ to Player548]
[14:42:55] [Render thread/INFO] (Minecraft) [System] [CHAT] Teleported Player548_ to Player548
[14:42:55] [Server thread/INFO] (Minecraft) [Player548: Teleported Player548_ to Player548]
[14:42:55] [Render thread/INFO] (Minecraft) [System] [CHAT] Teleported Player548_ to Player548
[14:42:55] [Server thread/INFO] (Minecraft) [Player548: Teleported Player548_ to Player548]
[14:42:55] [Render thread/INFO] (Minecraft) [System] [CHAT] Teleported Player548_ to Player548
[14:42:55] [Server thread/INFO] (Minecraft) [Player548: Teleported Player548_ to Player548]
[14:42:55] [Render thread/INFO] (Minecraft) [System] [CHAT] Teleported Player548_ to Player548
[14:42:55] [Server thread/INFO] (Minecraft) [Player548: Teleported Player548_ to Player548]
[14:42:55] [Render thread/INFO] (Minecraft) [System] [CHAT] Teleported Player548_ to Player548
[14:42:55] [Server thread/INFO] (Minecraft) [Player548: Teleported Player548_ to Player548]
[14:42:55] [Render thread/INFO] (Minecraft) [System] [CHAT] Teleported Player548_ to Player548
[14:42:55] [Server thread/INFO] (Minecraft) [Player548: Teleported Player548_ to Player548]
[14:42:55] [Render thread/INFO] (Minecraft) [System] [CHAT] Teleported Player548_ to Player548
[14:42:55] [Server thread/INFO] (Minecraft) [Player548: Teleported Player548_ to Player548]
[14:42:55] [Render thread/INFO] (Minecraft) [System] [CHAT] Teleported Player548_ to Player548
[14:42:55] [Server thread/INFO] (Minecraft) [Player548: Teleported Player548_ to Player548]
[14:42:55] [Render thread/INFO] (Minecraft) [System] [CHAT] Teleported Player548_ to Player548
[14:42:55] [Server thread/INFO] (Minecraft) [Player548: Teleported Player548_ to Player548]
[14:42:55] [Render thread/INFO] (Minecraft) [System] [CHAT] Teleported Player548_ to Player548
[14:42:55] [Server thread/INFO] (Minecraft) [Player548: Teleported Player548_ to Player548]
[14:42:55] [Render thread/INFO] (Minecraft) [System] [CHAT] Teleported Player548_ to Player548
[14:42:55] [Server thread/INFO] (Minecraft) [Player548: Teleported Player548_ to Player548]
[14:42:55] [Render thread/INFO] (Minecraft) [System] [CHAT] Teleported Player548_ to Player548
[14:42:55] [Server thread/INFO] (Minecraft) [Player548: Teleported Player548_ to Player548]
[14:42:55] [Render thread/INFO] (Minecraft) [System] [CHAT] Teleported Player548_ to Player548
[14:42:56] [Server thread/INFO] (Minecraft) [Player548: Teleported Player548_ to Player548]
[14:42:56] [Render thread/INFO] (Minecraft) [System] [CHAT] Teleported Player548_ to Player548
[14:42:56] [Server thread/INFO] (Minecraft) [Player548: Teleported Player548_ to Player548]
[14:42:56] [Render thread/INFO] (Minecraft) [System] [CHAT] Teleported Player548_ to Player548
[14:42:56] [Server thread/INFO] (Minecraft) [Player548: Teleported Player548_ to Player548]
[14:42:56] [Render thread/INFO] (Minecraft) [System] [CHAT] Teleported Player548_ to Player548
[14:42:56] [Server thread/INFO] (Minecraft) [Player548: Teleported Player548_ to Player548]
[14:42:56] [Render thread/INFO] (Minecraft) [System] [CHAT] Teleported Player548_ to Player548
[14:42:56] [Server thread/INFO] (Minecraft) [Player548: Teleported Player548_ to Player548]
[14:42:56] [Render thread/INFO] (Minecraft) [System] [CHAT] Teleported Player548_ to Player548
[14:42:56] [Server thread/INFO] (Minecraft) [Player548: Teleported Player548_ to Player548]
[14:42:56] [Render thread/INFO] (Minecraft) [System] [CHAT] Teleported Player548_ to Player548
[14:42:56] [Server thread/INFO] (Minecraft) [Player548: Teleported Player548_ to Player548]
[14:42:56] [Render thread/INFO] (Minecraft) [System] [CHAT] Teleported Player548_ to Player548
[14:42:56] [Server thread/INFO] (Minecraft) [Player548: Teleported Player548_ to Player548]
[14:42:56] [Render thread/INFO] (Minecraft) [System] [CHAT] Teleported Player548_ to Player548
[14:42:56] [Server thread/INFO] (Minecraft) [Player548: Teleported Player548_ to Player548]
[14:42:56] [Render thread/INFO] (Minecraft) [System] [CHAT] Teleported Player548_ to Player548
[14:42:56] [Server thread/INFO] (Minecraft) [Player548: Teleported Player548_ to Player548]
[14:42:56] [Render thread/INFO] (Minecraft) [System] [CHAT] Teleported Player548_ to Player548
[14:42:56] [Server thread/INFO] (Minecraft) [Player548: Teleported Player548_ to Player548]
[14:42:56] [Render thread/INFO] (Minecraft) [System] [CHAT] Teleported Player548_ to Player548
[14:42:56] [Server thread/INFO] (Minecraft) [Player548: Teleported Player548_ to Player548]
[14:42:56] [Render thread/INFO] (Minecraft) [System] [CHAT] Teleported Player548_ to Player548
[14:42:56] [Server thread/INFO] (Minecraft) [Player548: Teleported Player548_ to Player548]
[14:42:56] [Render thread/INFO] (Minecraft) [System] [CHAT] Teleported Player548_ to Player548
[14:42:56] [Server thread/INFO] (Minecraft) [Player548: Teleported Player548_ to Player548]
[14:42:56] [Render thread/INFO] (Minecraft) [System] [CHAT] Teleported Player548_ to Player548
[14:42:56] [Server thread/INFO] (Minecraft) [Player548: Teleported Player548_ to Player548]
[14:42:56] [Render thread/INFO] (Minecraft) [System] [CHAT] Teleported Player548_ to Player548
[14:42:56] [Server thread/INFO] (Minecraft) [Player548: Teleported Player548_ to Player548]
[14:42:56] [Render thread/INFO] (Minecraft) [System] [CHAT] Teleported Player548_ to Player548
[14:42:56] [Server thread/INFO] (Minecraft) [Player548: Teleported Player548_ to Player548]
[14:42:56] [Render thread/INFO] (Minecraft) [System] [CHAT] Teleported Player548_ to Player548
[14:42:56] [Server thread/INFO] (Minecraft) [Player548: Teleported Player548_ to Player548]
[14:42:56] [Render thread/INFO] (Minecraft) [System] [CHAT] Teleported Player548_ to Player548
[14:42:56] [Server thread/INFO] (Minecraft) [Player548: Teleported Player548_ to Player548]
[14:42:56] [Render thread/INFO] (Minecraft) [System] [CHAT] Teleported Player548_ to Player548
[14:42:56] [Server thread/INFO] (Minecraft) [Player548: Teleported Player548_ to Player548]
[14:42:56] [Render thread/INFO] (Minecraft) [System] [CHAT] Teleported Player548_ to Player548
[14:42:57] [Server thread/INFO] (Minecraft) [Player548: Teleported Player548_ to Player548]
[14:42:57] [Render thread/INFO] (Minecraft) [System] [CHAT] Teleported Player548_ to Player548
[14:42:57] [Server thread/INFO] (Minecraft) [Player548: Teleported Player548_ to Player548]
[14:42:57] [Render thread/INFO] (Minecraft) [System] [CHAT] Teleported Player548_ to Player548
[14:42:57] [Server thread/INFO] (Minecraft) [Player548: Teleported Player548_ to Player548]
[14:42:57] [Render thread/INFO] (Minecraft) [System] [CHAT] Teleported Player548_ to Player548
[14:42:57] [Server thread/INFO] (Minecraft) [Player548: Teleported Player548_ to Player548]
[14:42:57] [Render thread/INFO] (Minecraft) [System] [CHAT] Teleported Player548_ to Player548
[14:42:57] [Server thread/INFO] (Minecraft) [Player548: Teleported Player548_ to Player548]
[14:42:57] [Render thread/INFO] (Minecraft) [System] [CHAT] Teleported Player548_ to Player548
[14:42:57] [Server thread/INFO] (Minecraft) [Player548: Teleported Player548_ to Player548]
[14:42:57] [Render thread/INFO] (Minecraft) [System] [CHAT] Teleported Player548_ to Player548
[14:42:57] [Server thread/INFO] (Minecraft) [Player548: Teleported Player548_ to Player548]
[14:42:57] [Render thread/INFO] (Minecraft) [System] [CHAT] Teleported Player548_ to Player548
[14:42:57] [Server thread/INFO] (Minecraft) [Player548: Teleported Player548_ to Player548]
[14:42:57] [Render thread/INFO] (Minecraft) [System] [CHAT] Teleported Player548_ to Player548
[14:42:57] [Server thread/INFO] (Minecraft) [Player548: Teleported Player548_ to Player548]
[14:42:57] [Render thread/INFO] (Minecraft) [System] [CHAT] Teleported Player548_ to Player548
[14:42:57] [Server thread/INFO] (Minecraft) [Player548: Teleported Player548_ to Player548]
[14:42:57] [Render thread/INFO] (Minecraft) [System] [CHAT] Teleported Player548_ to Player548
[14:42:57] [Server thread/INFO] (Minecraft) [Player548: Teleported Player548_ to Player548]
[14:42:57] [Render thread/INFO] (Minecraft) [System] [CHAT] Teleported Player548_ to Player548
[14:42:57] [Server thread/INFO] (Minecraft) [Player548: Teleported Player548_ to Player548]
[14:42:57] [Render thread/INFO] (Minecraft) [System] [CHAT] Teleported Player548_ to Player548
[14:42:57] [Server thread/INFO] (Minecraft) [Player548: Teleported Player548_ to Player548]
[14:42:57] [Render thread/INFO] (Minecraft) [System] [CHAT] Teleported Player548_ to Player548
[14:42:57] [Server thread/INFO] (Minecraft) [Player548: Teleported Player548_ to Player548]
[14:42:57] [Render thread/INFO] (Minecraft) [System] [CHAT] Teleported Player548_ to Player548
[14:42:57] [Server thread/INFO] (Minecraft) [Player548: Teleported Player548_ to Player548]
[14:42:57] [Render thread/INFO] (Minecraft) [System] [CHAT] Teleported Player548_ to Player548
[14:42:57] [Server thread/INFO] (Minecraft) [Player548: Teleported Player548_ to Player548]
[14:42:57] [Render thread/INFO] (Minecraft) [System] [CHAT] Teleported Player548_ to Player548
[14:42:57] [Server thread/INFO] (Minecraft) [Player548: Teleported Player548_ to Player548]
[14:42:57] [Render thread/INFO] (Minecraft) [System] [CHAT] Teleported Player548_ to Player548
[14:42:57] [Server thread/INFO] (Minecraft) [Player548: Teleported Player548_ to Player548]
[14:42:57] [Render thread/INFO] (Minecraft) [System] [CHAT] Teleported Player548_ to Player548
[14:42:57] [Server thread/INFO] (Minecraft) [Player548: Teleported Player548_ to Player548]
[14:42:57] [Render thread/INFO] (Minecraft) [System] [CHAT] Teleported Player548_ to Player548
[14:42:57] [Server thread/INFO] (Minecraft) [Player548: Teleported Player548_ to Player548]
[14:42:57] [Render thread/INFO] (Minecraft) [System] [CHAT] Teleported Player548_ to Player548
[14:42:58] [Server thread/INFO] (Minecraft) [Player548: Teleported Player548_ to Player548]
[14:42:58] [Render thread/INFO] (Minecraft) [System] [CHAT] Teleported Player548_ to Player548
[14:42:58] [Server thread/INFO] (Minecraft) [Player548: Teleported Player548_ to Player548]
[14:42:58] [Render thread/INFO] (Minecraft) [System] [CHAT] Teleported Player548_ to Player548
[14:42:58] [Server thread/INFO] (Minecraft) [Player548: Teleported Player548_ to Player548]
[14:42:58] [Render thread/INFO] (Minecraft) [System] [CHAT] Teleported Player548_ to Player548
[14:42:58] [Server thread/INFO] (Minecraft) [Player548: Teleported Player548_ to Player548]
[14:42:58] [Render thread/INFO] (Minecraft) [System] [CHAT] Teleported Player548_ to Player548
[14:42:58] [Server thread/INFO] (Minecraft) [Player548: Teleported Player548_ to Player548]
[14:42:58] [Render thread/INFO] (Minecraft) [System] [CHAT] Teleported Player548_ to Player548
[14:42:58] [Server thread/INFO] (Minecraft) [Player548: Teleported Player548_ to Player548]
[14:42:58] [Render thread/INFO] (Minecraft) [System] [CHAT] Teleported Player548_ to Player548
[14:42:58] [Server thread/INFO] (Minecraft) [Player548: Teleported Player548_ to Player548]
[14:42:58] [Render thread/INFO] (Minecraft) [System] [CHAT] Teleported Player548_ to Player548
[14:42:58] [Server thread/INFO] (Minecraft) [Player548: Teleported Player548_ to Player548]
[14:42:58] [Render thread/INFO] (Minecraft) [System] [CHAT] Teleported Player548_ to Player548
[14:42:58] [Server thread/INFO] (Minecraft) [Player548: Teleported Player548_ to Player548]
[14:42:58] [Render thread/INFO] (Minecraft) [System] [CHAT] Teleported Player548_ to Player548
[14:42:58] [Server thread/INFO] (Minecraft) [Player548: Teleported Player548_ to Player548]
[14:42:58] [Render thread/INFO] (Minecraft) [System] [CHAT] Teleported Player548_ to Player548
[14:42:58] [Server thread/INFO] (Minecraft) [Player548: Teleported Player548_ to Player548]
[14:42:58] [Render thread/INFO] (Minecraft) [System] [CHAT] Teleported Player548_ to Player548
[14:42:58] [Server thread/INFO] (Minecraft) [Player548: Teleported Player548_ to Player548]
[14:42:58] [Render thread/INFO] (Minecraft) [System] [CHAT] Teleported Player548_ to Player548
[14:42:58] [Server thread/INFO] (Minecraft) [Player548: Teleported Player548_ to Player548]
[14:42:58] [Render thread/INFO] (Minecraft) [System] [CHAT] Teleported Player548_ to Player548
[14:42:58] [Server thread/INFO] (Minecraft) [Player548: Teleported Player548_ to Player548]
[14:42:58] [Render thread/INFO] (Minecraft) [System] [CHAT] Teleported Player548_ to Player548
[14:42:58] [Server thread/INFO] (Minecraft) [Player548: Teleported Player548_ to Player548]
[14:42:58] [Render thread/INFO] (Minecraft) [System] [CHAT] Teleported Player548_ to Player548
[14:42:58] [Server thread/INFO] (Minecraft) [Player548: Teleported Player548_ to Player548]
[14:42:58] [Render thread/INFO] (Minecraft) [System] [CHAT] Teleported Player548_ to Player548
[14:42:58] [Server thread/INFO] (Minecraft) [Player548: Teleported Player548_ to Player548]
[14:42:58] [Render thread/INFO] (Minecraft) [System] [CHAT] Teleported Player548_ to Player548
[14:42:58] [Server thread/INFO] (Minecraft) [Player548: Teleported Player548_ to Player548]
[14:42:58] [Render thread/INFO] (Minecraft) [System] [CHAT] Teleported Player548_ to Player548
[14:42:58] [Server thread/INFO] (Minecraft) [Player548: Teleported Player548_ to Player548]
[14:42:58] [Render thread/INFO] (Minecraft) [System] [CHAT] Teleported Player548_ to Player548
[14:42:58] [Server thread/INFO] (Minecraft) [Player548: Teleported Player548_ to Player548]
[14:42:58] [Render thread/INFO] (Minecraft) [System] [CHAT] Teleported Player548_ to Player548
[14:42:59] [Server thread/INFO] (Minecraft) [Player548: Teleported Player548_ to Player548]
[14:42:59] [Render thread/INFO] (Minecraft) [System] [CHAT] Teleported Player548_ to Player548
[14:42:59] [Server thread/INFO] (Minecraft) [Player548: Teleported Player548_ to Player548]
[14:42:59] [Render thread/INFO] (Minecraft) [System] [CHAT] Teleported Player548_ to Player548
[14:42:59] [Server thread/INFO] (Minecraft) [Player548: Teleported Player548_ to Player548]
[14:42:59] [Render thread/INFO] (Minecraft) [System] [CHAT] Teleported Player548_ to Player548
[14:42:59] [Server thread/INFO] (Minecraft) [Player548: Teleported Player548_ to Player548]
[14:42:59] [Render thread/INFO] (Minecraft) [System] [CHAT] Teleported Player548_ to Player548
[14:42:59] [Server thread/INFO] (Minecraft) [Player548: Teleported Player548_ to Player548]
[14:42:59] [Render thread/INFO] (Minecraft) [System] [CHAT] Teleported Player548_ to Player548
[14:42:59] [Server thread/INFO] (Minecraft) [Player548: Teleported Player548_ to Player548]
[14:42:59] [Render thread/INFO] (Minecraft) [System] [CHAT] Teleported Player548_ to Player548
[14:42:59] [Server thread/INFO] (Minecraft) [Player548: Teleported Player548_ to Player548]
[14:42:59] [Render thread/INFO] (Minecraft) [System] [CHAT] Teleported Player548_ to Player548
[14:42:59] [Server thread/INFO] (Minecraft) [Player548: Teleported Player548_ to Player548]
[14:42:59] [Render thread/INFO] (Minecraft) [System] [CHAT] Teleported Player548_ to Player548
[14:42:59] [Server thread/INFO] (Minecraft) [Player548: Teleported Player548_ to Player548]
[14:42:59] [Render thread/INFO] (Minecraft) [System] [CHAT] Teleported Player548_ to Player548
[14:42:59] [Server thread/INFO] (Minecraft) [Player548: Teleported Player548_ to Player548]
[14:42:59] [Render thread/INFO] (Minecraft) [System] [CHAT] Teleported Player548_ to Player548
[14:42:59] [Server thread/INFO] (Minecraft) [Player548: Teleported Player548_ to Player548]
[14:42:59] [Render thread/INFO] (Minecraft) [System] [CHAT] Teleported Player548_ to Player548
[14:42:59] [Server thread/INFO] (Minecraft) [Player548: Teleported Player548_ to Player548]
[14:42:59] [Render thread/INFO] (Minecraft) [System] [CHAT] Teleported Player548_ to Player548
[14:42:59] [Server thread/INFO] (Minecraft) [Player548: Teleported Player548_ to Player548]
[14:42:59] [Render thread/INFO] (Minecraft) [System] [CHAT] Teleported Player548_ to Player548
[14:42:59] [Server thread/INFO] (Minecraft) [Player548: Teleported Player548_ to Player548]
[14:42:59] [Render thread/INFO] (Minecraft) [System] [CHAT] Teleported Player548_ to Player548
[14:42:59] [Server thread/INFO] (Minecraft) [Player548: Teleported Player548_ to Player548]
[14:42:59] [Render thread/INFO] (Minecraft) [System] [CHAT] Teleported Player548_ to Player548
[14:42:59] [Server thread/INFO] (Minecraft) [Player548: Teleported Player548_ to Player548]
[14:42:59] [Render thread/INFO] (Minecraft) [System] [CHAT] Teleported Player548_ to Player548
[14:42:59] [Server thread/INFO] (Minecraft) [Player548: Teleported Player548_ to Player548]
[14:42:59] [Render thread/INFO] (Minecraft) [System] [CHAT] Teleported Player548_ to Player548
[14:42:59] [Server thread/INFO] (Minecraft) [Player548: Teleported Player548_ to Player548]
[14:42:59] [Render thread/INFO] (Minecraft) [System] [CHAT] Teleported Player548_ to Player548
[14:42:59] [Server thread/INFO] (Minecraft) [Player548: Teleported Player548_ to Player548]
[14:42:59] [Render thread/INFO] (Minecraft) [System] [CHAT] Teleported Player548_ to Player548
[14:42:59] [Server thread/INFO] (Minecraft) [Player548: Teleported Player548_ to Player548]
[14:42:59] [Render thread/INFO] (Minecraft) [System] [CHAT] Teleported Player548_ to Player548
[14:43:00] [Server thread/INFO] (Minecraft) [Player548: Teleported Player548_ to Player548]
[14:43:00] [Render thread/INFO] (Minecraft) [System] [CHAT] Teleported Player548_ to Player548
[14:43:00] [Server thread/INFO] (Minecraft) [Player548: Teleported Player548_ to Player548]
[14:43:00] [Render thread/INFO] (Minecraft) [System] [CHAT] Teleported Player548_ to Player548
[14:43:00] [Server thread/INFO] (Minecraft) [Player548: Teleported Player548_ to Player548]
[14:43:00] [Render thread/INFO] (Minecraft) [System] [CHAT] Teleported Player548_ to Player548
[14:43:00] [Server thread/INFO] (Minecraft) [Player548: Teleported Player548_ to Player548]
[14:43:00] [Render thread/INFO] (Minecraft) [System] [CHAT] Teleported Player548_ to Player548
[14:43:00] [Server thread/INFO] (Minecraft) [Player548: Teleported Player548_ to Player548]
[14:43:00] [Render thread/INFO] (Minecraft) [System] [CHAT] Teleported Player548_ to Player548
[14:43:00] [Server thread/INFO] (Minecraft) [Player548: Teleported Player548_ to Player548]
[14:43:00] [Render thread/INFO] (Minecraft) [System] [CHAT] Teleported Player548_ to Player548
[14:43:00] [Server thread/INFO] (Minecraft) [Player548: Teleported Player548_ to Player548]
[14:43:00] [Render thread/INFO] (Minecraft) [System] [CHAT] Teleported Player548_ to Player548
[14:43:00] [Server thread/INFO] (Minecraft) [Player548: Teleported Player548_ to Player548]
[14:43:00] [Render thread/INFO] (Minecraft) [System] [CHAT] Teleported Player548_ to Player548
[14:43:00] [Server thread/INFO] (Minecraft) [Player548: Teleported Player548_ to Player548]
[14:43:00] [Render thread/INFO] (Minecraft) [System] [CHAT] Teleported Player548_ to Player548
[14:43:00] [Server thread/INFO] (Minecraft) [Player548: Teleported Player548_ to Player548]
[14:43:00] [Render thread/INFO] (Minecraft) [System] [CHAT] Teleported Player548_ to Player548
[14:43:00] [Server thread/INFO] (Minecraft) [Player548: Teleported Player548_ to Player548]
[14:43:00] [Render thread/INFO] (Minecraft) [System] [CHAT] Teleported Player548_ to Player548
[14:43:00] [Server thread/INFO] (Minecraft) [Player548: Teleported Player548_ to Player548]
[14:43:00] [Render thread/INFO] (Minecraft) [System] [CHAT] Teleported Player548_ to Player548
[14:43:00] [Server thread/INFO] (Minecraft) [Player548: Teleported Player548_ to Player548]
[14:43:00] [Render thread/INFO] (Minecraft) [System] [CHAT] Teleported Player548_ to Player548
[14:43:00] [Server thread/INFO] (Minecraft) [Player548: Teleported Player548_ to Player548]
[14:43:00] [Render thread/INFO] (Minecraft) [System] [CHAT] Teleported Player548_ to Player548
[14:43:00] [Server thread/INFO] (Minecraft) [Player548: Teleported Player548_ to Player548]
[14:43:00] [Render thread/INFO] (Minecraft) [System] [CHAT] Teleported Player548_ to Player548
[14:43:00] [Server thread/INFO] (Minecraft) [Player548: Teleported Player548_ to Player548]
[14:43:00] [Render thread/INFO] (Minecraft) [System] [CHAT] Teleported Player548_ to Player548
[14:43:00] [Server thread/INFO] (Minecraft) [Player548: Teleported Player548_ to Player548]
[14:43:00] [Render thread/INFO] (Minecraft) [System] [CHAT] Teleported Player548_ to Player548
[14:43:00] [Server thread/INFO] (Minecraft) [Player548: Teleported Player548_ to Player548]
[14:43:00] [Render thread/INFO] (Minecraft) [System] [CHAT] Teleported Player548_ to Player548
[14:43:00] [Server thread/INFO] (Minecraft) [Player548: Teleported Player548_ to Player548]
[14:43:00] [Render thread/INFO] (Minecraft) [System] [CHAT] Teleported Player548_ to Player548
[14:43:00] [Server thread/INFO] (Minecraft) [Player548: Teleported Player548_ to Player548]
[14:43:00] [Render thread/INFO] (Minecraft) [System] [CHAT] Teleported Player548_ to Player548
[14:43:01] [Server thread/INFO] (Minecraft) [Player548: Teleported Player548_ to Player548]
[14:43:01] [Render thread/INFO] (Minecraft) [System] [CHAT] Teleported Player548_ to Player548
[14:43:01] [Server thread/INFO] (Minecraft) [Player548: Teleported Player548_ to Player548]
[14:43:01] [Render thread/INFO] (Minecraft) [System] [CHAT] Teleported Player548_ to Player548
[14:43:01] [Server thread/INFO] (Minecraft) [Player548: Teleported Player548_ to Player548]
[14:43:01] [Render thread/INFO] (Minecraft) [System] [CHAT] Teleported Player548_ to Player548
[14:43:01] [Server thread/INFO] (Minecraft) [Player548: Teleported Player548_ to Player548]
[14:43:01] [Render thread/INFO] (Minecraft) [System] [CHAT] Teleported Player548_ to Player548
[14:43:01] [Server thread/INFO] (Minecraft) [Player548: Teleported Player548_ to Player548]
[14:43:01] [Render thread/INFO] (Minecraft) [System] [CHAT] Teleported Player548_ to Player548
[14:43:01] [Server thread/INFO] (Minecraft) [Player548: Teleported Player548_ to Player548]
[14:43:01] [Render thread/INFO] (Minecraft) [System] [CHAT] Teleported Player548_ to Player548
[14:43:01] [Server thread/INFO] (Minecraft) [Player548: Teleported Player548_ to Player548]
[14:43:01] [Render thread/INFO] (Minecraft) [System] [CHAT] Teleported Player548_ to Player548
[14:43:01] [Server thread/INFO] (Minecraft) [Player548: Teleported Player548_ to Player548]
[14:43:01] [Render thread/INFO] (Minecraft) [System] [CHAT] Teleported Player548_ to Player548
[14:43:01] [Server thread/INFO] (Minecraft) [Player548: Teleported Player548_ to Player548]
[14:43:01] [Render thread/INFO] (Minecraft) [System] [CHAT] Teleported Player548_ to Player548
[14:43:01] [Server thread/INFO] (Minecraft) [Player548: Teleported Player548_ to Player548]
[14:43:01] [Render thread/INFO] (Minecraft) [System] [CHAT] Teleported Player548_ to Player548
[14:43:01] [Server thread/INFO] (Minecraft) [Player548: Teleported Player548_ to Player548]
[14:43:01] [Render thread/INFO] (Minecraft) [System] [CHAT] Teleported Player548_ to Player548
[14:43:01] [Server thread/INFO] (Minecraft) [Player548: Teleported Player548_ to Player548]
[14:43:01] [Render thread/INFO] (Minecraft) [System] [CHAT] Teleported Player548_ to Player548
[14:43:01] [Server thread/INFO] (Minecraft) [Player548: Teleported Player548_ to Player548]
[14:43:01] [Render thread/INFO] (Minecraft) [System] [CHAT] Teleported Player548_ to Player548
[14:43:01] [Server thread/INFO] (Minecraft) [Player548: Teleported Player548_ to Player548]
[14:43:01] [Render thread/INFO] (Minecraft) [System] [CHAT] Teleported Player548_ to Player548
[14:43:01] [Server thread/INFO] (Minecraft) [Player548: Teleported Player548_ to Player548]
[14:43:01] [Render thread/INFO] (Minecraft) [System] [CHAT] Teleported Player548_ to Player548
[14:43:01] [Server thread/INFO] (Minecraft) [Player548: Teleported Player548_ to Player548]
[14:43:01] [Render thread/INFO] (Minecraft) [System] [CHAT] Teleported Player548_ to Player548
[14:43:01] [Server thread/INFO] (Minecraft) [Player548: Teleported Player548_ to Player548]
[14:43:01] [Render thread/INFO] (Minecraft) [System] [CHAT] Teleported Player548_ to Player548
[14:43:01] [Server thread/INFO] (Minecraft) [Player548: Teleported Player548_ to Player548]
[14:43:01] [Render thread/INFO] (Minecraft) [System] [CHAT] Teleported Player548_ to Player548
[14:43:01] [Server thread/INFO] (Minecraft) [Player548: Teleported Player548_ to Player548]
[14:43:01] [Render thread/INFO] (Minecraft) [System] [CHAT] Teleported Player548_ to Player548
[14:43:01] [Server thread/INFO] (Minecraft) [Player548: Teleported Player548_ to Player548]
[14:43:01] [Render thread/INFO] (Minecraft) [System] [CHAT] Teleported Player548_ to Player548
[14:43:02] [Server thread/INFO] (Minecraft) Saving and pausing game...
[14:43:02] [Server thread/INFO] (Minecraft) Saving chunks for level 'ServerLevel[New World]'/minecraft:overworld
[14:43:02] [Server thread/INFO] (Minecraft) Saving chunks for level 'ServerLevel[New World]'/minecraft:the_nether
[14:43:02] [Server thread/INFO] (Minecraft) Saving chunks for level 'ServerLevel[New World]'/minecraft:the_end
[14:43:03] [Render thread/INFO] (Minecraft) Stopping!
[14:43:03] [Server thread/INFO] (Minecraft) Player548 lost connection: Disconnected
[14:43:03] [Server thread/INFO] (Minecraft) Player548 left the game
[14:43:03] [Server thread/INFO] (Minecraft) Stopping singleplayer server as player logged out
[14:43:03] [Server thread/INFO] (Minecraft) Stopping server
[14:43:03] [Server thread/INFO] (Minecraft) Saving players
[14:43:03] [Server thread/INFO] (Minecraft) Saving worlds
[14:43:03] [Server thread/INFO] (Minecraft) Saving chunks for level 'ServerLevel[New World]'/minecraft:overworld
[14:43:03] [Server thread/INFO] (Minecraft) Saving chunks for level 'ServerLevel[New World]'/minecraft:the_nether
[14:43:03] [Server thread/INFO] (Minecraft) Saving chunks for level 'ServerLevel[New World]'/minecraft:the_end
[14:43:03] [Server thread/INFO] (Minecraft) ThreadedAnvilChunkStorage (world): All chunks are saved
[14:43:03] [Server thread/INFO] (Minecraft) ThreadedAnvilChunkStorage (DIM-1): All chunks are saved
[14:43:03] [Server thread/INFO] (Minecraft) ThreadedAnvilChunkStorage (DIM1): All chunks are saved
[14:43:03] [Server thread/INFO] (Minecraft) ThreadedAnvilChunkStorage: All dimensions are saved
